,ori,data_year,offense,state_abbr,cleared,actual
0,SD0010000,2009,aggravated-assault,SD,1,1
1,SD0010000,2010,aggravated-assault,SD,0,0
2,SD0010000,2011,aggravated-assault,SD,0,0
3,SD0010000,2012,aggravated-assault,SD,0,0
4,SD0010000,2013,aggravated-assault,SD,4,4
5,SD0010000,2014,aggravated-assault,SD,0,0
6,SD0010000,2015,aggravated-assault,SD,1,1
7,SD0010000,2016,aggravated-assault,SD,0,0
8,SD0020000,2009,aggravated-assault,SD,0,0
9,SD0020000,2010,aggravated-assault,SD,0,1
10,SD0020000,2011,aggravated-assault,SD,0,0
11,SD0020000,2012,aggravated-assault,SD,2,2
12,SD0020000,2013,aggravated-assault,SD,2,2
13,SD0020000,2014,aggravated-assault,SD,4,4
14,SD0020000,2015,aggravated-assault,SD,5,5
15,SD0020000,2016,aggravated-assault,SD,4,4
16,SD0020100,2009,aggravated-assault,SD,0,0
17,SD0020100,2010,aggravated-assault,SD,0,0
18,SD0020100,2011,aggravated-assault,SD,0,0
19,SD0020100,2012,aggravated-assault,SD,19,32
20,TN0010000,2009,aggravated-assault,TN,61,101
21,TN0010000,2010,aggravated-assault,TN,75,89
22,TN0010000,2011,aggravated-assault,TN,59,98
23,TN0010000,2012,aggravated-assault,TN,60,79
24,TN0010000,2013,aggravated-assault,TN,41,48
25,TN0010000,2014,aggravated-assault,TN,50,58
26,TN0010000,2015,aggravated-assault,TN,48,61
27,TN0010000,2016,aggravated-assault,TN,71,91
28,TN0010100,2009,aggravated-assault,TN,24,35
29,TN0010100,2010,aggravated-assault,TN,22,38
30,TN0010100,2011,aggravated-assault,TN,24,41
31,TN0010100,2012,aggravated-assault,TN,35,58
32,TN0010100,2013,aggravated-assault,TN,19,30
33,TN0010100,2014,aggravated-assault,TN,26,47
34,TN0010100,2015,aggravated-assault,TN,22,50
35,TN0010100,2016,aggravated-assault,TN,32,50
36,TN0010200,2009,aggravated-assault,TN,2,2
37,TN0010200,2010,aggravated-assault,TN,7,10
38,TN0010200,2011,aggravated-assault,TN,7,10
39,TN0010200,2012,aggravated-assault,TN,2,2
40,TX0000000,2009,aggravated-assault,TX,0,0
41,TX0000000,2010,aggravated-assault,TX,0,0
42,TX0000000,2011,aggravated-assault,TX,0,0
43,TX0000000,2012,aggravated-assault,TX,0,0
44,TX0000000,2013,aggravated-assault,TX,0,0
45,TX0000000,2014,aggravated-assault,TX,0,0
46,TX0000000,2015,aggravated-assault,TX,0,0
47,TX0000000,2016,aggravated-assault,TX,0,0
48,TX0010000,2009,aggravated-assault,TX,34,48
49,TX0010000,2010,aggravated-assault,TX,39,65
50,TX0010000,2011,aggravated-assault,TX,48,57
51,TX0010000,2012,aggravated-assault,TX,40,46
52,TX0010000,2013,aggravated-assault,TX,42,47
53,TX0010000,2014,aggravated-assault,TX,36,48
54,TX0010000,2015,aggravated-assault,TX,72,53
55,TX0010000,2016,aggravated-assault,TX,38,42
56,TX0010100,2009,aggravated-assault,TX,56,114
57,TX0010100,2010,aggravated-assault,TX,26,38
58,TX0010100,2011,aggravated-assault,TX,27,55
59,TX0010100,2012,aggravated-assault,TX,26,121
60,UT0010000,2009,aggravated-assault,UT,5,5
61,UT0010000,2010,aggravated-assault,UT,2,2
62,UT0010000,2011,aggravated-assault,UT,3,3
63,UT0010000,2012,aggravated-assault,UT,11,11
64,UT0010000,2013,aggravated-assault,UT,6,6
65,UT0010000,2014,aggravated-assault,UT,0,1
66,UT0010000,2015,aggravated-assault,UT,1,1
67,UT0010000,2016,aggravated-assault,UT,0,0
68,UT0020000,2009,aggravated-assault,UT,0,2
69,UT0020000,2010,aggravated-assault,UT,1,7
70,UT0020000,2011,aggravated-assault,UT,1,3
71,UT0020000,2012,aggravated-assault,UT,3,6
72,UT0020000,2013,aggravated-assault,UT,0,0
73,UT0020000,2014,aggravated-assault,UT,2,5
74,UT0020000,2015,aggravated-assault,UT,1,9
75,UT0020000,2016,aggravated-assault,UT,3,11
76,UT0020100,2009,aggravated-assault,UT,20,28
77,UT0020100,2010,aggravated-assault,UT,15,24
78,UT0020100,2011,aggravated-assault,UT,10,22
79,UT0020100,2012,aggravated-assault,UT,25,45
80,VT0010000,2009,aggravated-assault,VT,0,0
81,VT0010000,2010,aggravated-assault,VT,0,0
82,VT0010000,2011,aggravated-assault,VT,0,0
83,VT0010000,2012,aggravated-assault,VT,0,0
84,VT0010000,2013,aggravated-assault,VT,0,0
85,VT0010000,2014,aggravated-assault,VT,0,0
86,VT0010000,2015,aggravated-assault,VT,0,0
87,VT0010000,2016,aggravated-assault,VT,0,0
88,VT0010100,2009,aggravated-assault,VT,0,0
89,VT0010100,2010,aggravated-assault,VT,2,4
90,VT0010100,2011,aggravated-assault,VT,0,0
91,VT0010100,2012,aggravated-assault,VT,0,3
92,VT0010100,2013,aggravated-assault,VT,2,2
93,VT0010100,2014,aggravated-assault,VT,0,3
94,VT0010100,2015,aggravated-assault,VT,1,0
95,VT0010100,2016,aggravated-assault,VT,0,1
96,VT0010200,2009,aggravated-assault,VT,5,6
97,VT0010200,2010,aggravated-assault,VT,9,10
98,VT0010200,2011,aggravated-assault,VT,4,4
99,VT0010200,2012,aggravated-assault,VT,2,4
100,VA0010000,2009,aggravated-assault,VA,15,27
101,VA0010000,2010,aggravated-assault,VA,6,16
102,VA0010000,2011,aggravated-assault,VA,17,25
103,VA0010000,2012,aggravated-assault,VA,10,25
104,VA0010000,2013,aggravated-assault,VA,11,13
105,VA0010000,2014,aggravated-assault,VA,33,44
106,VA0010000,2015,aggravated-assault,VA,14,21
107,VA0010000,2016,aggravated-assault,VA,10,17
108,VA0010100,2009,aggravated-assault,VA,3,3
109,VA0010100,2010,aggravated-assault,VA,5,5
110,VA0010100,2011,aggravated-assault,VA,3,3
111,VA0010100,2012,aggravated-assault,VA,3,3
112,VA0010100,2013,aggravated-assault,VA,2,2
113,VA0010100,2014,aggravated-assault,VA,3,2
114,VA0010100,2015,aggravated-assault,VA,3,4
115,VA0010100,2016,aggravated-assault,VA,7,7
116,VA0010200,2009,aggravated-assault,VA,0,1
117,VA0010200,2010,aggravated-assault,VA,0,0
118,VA0010200,2011,aggravated-assault,VA,0,0
119,VA0010200,2012,aggravated-assault,VA,0,0
120,WA0010000,2009,aggravated-assault,WA,10,12
121,WA0010000,2010,aggravated-assault,WA,9,14
122,WA0010000,2011,aggravated-assault,WA,9,14
123,WA0010000,2012,aggravated-assault,WA,9,10
124,WA0010000,2013,aggravated-assault,WA,12,16
125,WA0010000,2014,aggravated-assault,WA,11,12
126,WA0010000,2015,aggravated-assault,WA,7,9
127,WA0010000,2016,aggravated-assault,WA,6,15
128,WA0010100,2009,aggravated-assault,WA,16,19
129,WA0010100,2010,aggravated-assault,WA,21,26
130,WA0010100,2011,aggravated-assault,WA,10,24
131,WA0010100,2012,aggravated-assault,WA,5,16
132,WA0010100,2013,aggravated-assault,WA,16,35
133,WA0010100,2014,aggravated-assault,WA,18,27
134,WA0010100,2015,aggravated-assault,WA,10,12
135,WA0010100,2016,aggravated-assault,WA,6,9
136,WA0010200,2009,aggravated-assault,WA,0,0
137,WA0010200,2010,aggravated-assault,WA,3,3
138,WA0010200,2011,aggravated-assault,WA,1,1
139,WA0010200,2012,aggravated-assault,WA,2,2
140,WV0010000,2009,aggravated-assault,WV,1,4
141,WV0010000,2010,aggravated-assault,WV,0,0
142,WV0010000,2011,aggravated-assault,WV,3,3
143,WV0010000,2012,aggravated-assault,WV,0,0
144,WV0010000,2013,aggravated-assault,WV,0,0
145,WV0010000,2014,aggravated-assault,WV,0,0
146,WV0010000,2015,aggravated-assault,WV,12,21
147,WV0010000,2016,aggravated-assault,WV,15,29
148,WV0010100,2009,aggravated-assault,WV,1,1
149,WV0010100,2010,aggravated-assault,WV,11,15
150,WV0010100,2011,aggravated-assault,WV,10,12
151,WV0010100,2012,aggravated-assault,WV,3,4
152,WV0010100,2013,aggravated-assault,WV,1,1
153,WV0010100,2014,aggravated-assault,WV,1,1
154,WV0010100,2015,aggravated-assault,WV,4,4
155,WV0010100,2016,aggravated-assault,WV,12,12
156,WV0010200,2009,aggravated-assault,WV,0,0
157,WV0010200,2010,aggravated-assault,WV,3,3
158,WV0010200,2011,aggravated-assault,WV,18,32
159,WV0010200,2012,aggravated-assault,WV,16,34
160,WIWSP0000,2014,aggravated-assault,WI,0,0
161,WIWSP0000,2015,aggravated-assault,WI,0,0
162,WIWSP0000,2016,aggravated-assault,WI,0,0
163,WI0010000,2009,aggravated-assault,WI,33,35
164,WI0010000,2010,aggravated-assault,WI,14,15
165,WI0010000,2011,aggravated-assault,WI,9,9
166,WI0010000,2012,aggravated-assault,WI,6,7
167,WI0010000,2013,aggravated-assault,WI,34,33
168,WI0010000,2014,aggravated-assault,WI,19,18
169,WI0010000,2015,aggravated-assault,WI,17,18
170,WI0010000,2016,aggravated-assault,WI,15,15
171,WI0010100,2009,aggravated-assault,WI,4,4
172,WI0010100,2010,aggravated-assault,WI,1,1
173,WI0010100,2011,aggravated-assault,WI,2,2
174,WI0010100,2012,aggravated-assault,WI,3,3
175,WI0010100,2013,aggravated-assault,WI,4,4
176,WI0010100,2014,aggravated-assault,WI,0,0
177,WI0010100,2015,aggravated-assault,WI,1,1
178,WI0010100,2016,aggravated-assault,WI,14,14
179,WI0010200,2009,aggravated-assault,WI,2,2
180,WY0010000,2009,aggravated-assault,WY,3,4
181,WY0010000,2010,aggravated-assault,WY,1,5
182,WY0010000,2011,aggravated-assault,WY,4,4
183,WY0010000,2012,aggravated-assault,WY,7,8
184,WY0010000,2013,aggravated-assault,WY,5,6
185,WY0010000,2014,aggravated-assault,WY,4,7
186,WY0010000,2015,aggravated-assault,WY,9,10
187,WY0010000,2016,aggravated-assault,WY,9,9
188,WY0010100,2009,aggravated-assault,WY,12,19
189,WY0010100,2010,aggravated-assault,WY,19,31
190,WY0010100,2011,aggravated-assault,WY,22,29
191,WY0010100,2012,aggravated-assault,WY,9,17
192,WY0010100,2013,aggravated-assault,WY,17,23
193,WY0010100,2014,aggravated-assault,WY,15,32
194,WY0010100,2015,aggravated-assault,WY,24,32
195,WY0010100,2016,aggravated-assault,WY,17,24
196,WY0010200,2009,aggravated-assault,WY,0,0
197,WY0010200,2010,aggravated-assault,WY,0,0
198,WY0010200,2011,aggravated-assault,WY,0,0
199,WY0010200,2012,aggravated-assault,WY,0,1
200,SD0010000,2009,burglary,SD,1,2
201,SD0010000,2010,burglary,SD,0,0
202,SD0010000,2011,burglary,SD,1,1
203,SD0010000,2012,burglary,SD,1,6
204,SD0010000,2013,burglary,SD,2,9
205,SD0010000,2014,burglary,SD,0,1
206,SD0010000,2015,burglary,SD,1,4
207,SD0010000,2016,burglary,SD,0,1
208,SD0020000,2009,burglary,SD,1,9
209,SD0020000,2010,burglary,SD,1,11
210,SD0020000,2011,burglary,SD,2,8
211,SD0020000,2012,burglary,SD,1,3
212,SD0020000,2013,burglary,SD,8,9
213,SD0020000,2014,burglary,SD,0,4
214,SD0020000,2015,burglary,SD,0,3
215,SD0020000,2016,burglary,SD,0,4
216,SD0020100,2009,burglary,SD,0,0
217,SD0020100,2010,burglary,SD,0,0
218,SD0020100,2011,burglary,SD,0,0
219,SD0020100,2012,burglary,SD,9,64
220,TN0010000,2009,burglary,TN,47,438
221,TN0010000,2010,burglary,TN,43,454
222,TN0010000,2011,burglary,TN,44,444
223,TN0010000,2012,burglary,TN,34,333
224,TN0010000,2013,burglary,TN,42,278
225,TN0010000,2014,burglary,TN,29,210
226,TN0010000,2015,burglary,TN,30,155
227,TN0010000,2016,burglary,TN,39,195
228,TN0010100,2009,burglary,TN,13,108
229,TN0010100,2010,burglary,TN,16,90
230,TN0010100,2011,burglary,TN,11,78
231,TN0010100,2012,burglary,TN,6,70
232,TN0010100,2013,burglary,TN,7,35
233,TN0010100,2014,burglary,TN,12,49
234,TN0010100,2015,burglary,TN,9,57
235,TN0010100,2016,burglary,TN,14,58
236,TN0010200,2009,burglary,TN,2,20
237,TN0010200,2010,burglary,TN,1,11
238,TN0010200,2011,burglary,TN,3,25
239,TN0010200,2012,burglary,TN,1,36
240,TX0000000,2009,burglary,TX,0,0
241,TX0000000,2010,burglary,TX,0,0
242,TX0000000,2011,burglary,TX,0,0
243,TX0000000,2012,burglary,TX,0,0
244,TX0000000,2013,burglary,TX,0,0
245,TX0000000,2014,burglary,TX,0,0
246,TX0000000,2015,burglary,TX,0,0
247,TX0000000,2016,burglary,TX,0,0
248,TX0010000,2009,burglary,TX,31,202
249,TX0010000,2010,burglary,TX,43,165
250,TX0010000,2011,burglary,TX,55,206
251,TX0010000,2012,burglary,TX,34,199
252,TX0010000,2013,burglary,TX,72,211
253,TX0010000,2014,burglary,TX,40,175
254,TX0010000,2015,burglary,TX,44,175
255,TX0010000,2016,burglary,TX,39,133
256,TX0010100,2009,burglary,TX,22,377
257,TX0010100,2010,burglary,TX,8,190
258,TX0010100,2011,burglary,TX,22,206
259,TX0010100,2012,burglary,TX,11,211
260,UT0010000,2009,burglary,UT,5,13
261,UT0010000,2010,burglary,UT,3,7
262,UT0010000,2011,burglary,UT,7,11
263,UT0010000,2012,burglary,UT,7,12
264,UT0010000,2013,burglary,UT,3,4
265,UT0010000,2014,burglary,UT,2,19
266,UT0010000,2015,burglary,UT,0,34
267,UT0010000,2016,burglary,UT,4,29
268,UT0020000,2009,burglary,UT,3,43
269,UT0020000,2010,burglary,UT,6,36
270,UT0020000,2011,burglary,UT,2,48
271,UT0020000,2012,burglary,UT,5,37
272,UT0020000,2013,burglary,UT,4,45
273,UT0020000,2014,burglary,UT,8,59
274,UT0020000,2015,burglary,UT,0,49
275,UT0020000,2016,burglary,UT,0,61
276,UT0020100,2009,burglary,UT,22,81
277,UT0020100,2010,burglary,UT,6,54
278,UT0020100,2011,burglary,UT,1,145
279,UT0020100,2012,burglary,UT,5,97
280,VT0010000,2009,burglary,VT,0,0
281,VT0010000,2010,burglary,VT,0,0
282,VT0010000,2011,burglary,VT,0,0
283,VT0010000,2012,burglary,VT,0,0
284,VT0010000,2013,burglary,VT,0,0
285,VT0010000,2014,burglary,VT,0,0
286,VT0010000,2015,burglary,VT,0,0
287,VT0010000,2016,burglary,VT,0,0
288,VT0010100,2009,burglary,VT,0,0
289,VT0010100,2010,burglary,VT,0,5
290,VT0010100,2011,burglary,VT,0,3
291,VT0010100,2012,burglary,VT,0,12
292,VT0010100,2013,burglary,VT,0,4
293,VT0010100,2014,burglary,VT,0,4
294,VT0010100,2015,burglary,VT,0,4
295,VT0010100,2016,burglary,VT,0,2
296,VT0010200,2009,burglary,VT,0,19
297,VT0010200,2010,burglary,VT,2,33
298,VT0010200,2011,burglary,VT,3,26
299,VT0010200,2012,burglary,VT,1,8
300,VA0010000,2009,burglary,VA,21,199
301,VA0010000,2010,burglary,VA,14,125
302,VA0010000,2011,burglary,VA,7,145
303,VA0010000,2012,burglary,VA,19,161
304,VA0010000,2013,burglary,VA,16,120
305,VA0010000,2014,burglary,VA,18,67
306,VA0010000,2015,burglary,VA,10,110
307,VA0010000,2016,burglary,VA,11,112
308,VA0010100,2009,burglary,VA,4,18
309,VA0010100,2010,burglary,VA,3,12
310,VA0010100,2011,burglary,VA,5,15
311,VA0010100,2012,burglary,VA,0,8
312,VA0010100,2013,burglary,VA,4,9
313,VA0010100,2014,burglary,VA,0,2
314,VA0010100,2015,burglary,VA,1,5
315,VA0010100,2016,burglary,VA,3,14
316,VA0010200,2009,burglary,VA,4,7
317,VA0010200,2010,burglary,VA,5,9
318,VA0010200,2011,burglary,VA,2,4
319,VA0010200,2012,burglary,VA,1,3
320,WA0010000,2009,burglary,WA,15,97
321,WA0010000,2010,burglary,WA,11,129
322,WA0010000,2011,burglary,WA,20,107
323,WA0010000,2012,burglary,WA,15,84
324,WA0010000,2013,burglary,WA,13,119
325,WA0010000,2014,burglary,WA,14,120
326,WA0010000,2015,burglary,WA,18,117
327,WA0010000,2016,burglary,WA,12,80
328,WA0010100,2009,burglary,WA,12,72
329,WA0010100,2010,burglary,WA,9,87
330,WA0010100,2011,burglary,WA,12,83
331,WA0010100,2012,burglary,WA,6,78
332,WA0010100,2013,burglary,WA,5,62
333,WA0010100,2014,burglary,WA,9,54
334,WA0010100,2015,burglary,WA,9,54
335,WA0010100,2016,burglary,WA,7,40
336,WA0010200,2009,burglary,WA,4,16
337,WA0010200,2010,burglary,WA,1,12
338,WA0010200,2011,burglary,WA,3,20
339,WA0010200,2012,burglary,WA,2,22
340,WV0010000,2009,burglary,WV,1,4
341,WV0010000,2010,burglary,WV,0,2
342,WV0010000,2011,burglary,WV,5,5
343,WV0010000,2012,burglary,WV,2,15
344,WV0010000,2013,burglary,WV,1,12
345,WV0010000,2014,burglary,WV,0,0
346,WV0010000,2015,burglary,WV,0,1
347,WV0010000,2016,burglary,WV,1,9
348,WV0010100,2009,burglary,WV,0,0
349,WV0010100,2010,burglary,WV,0,5
350,WV0010100,2011,burglary,WV,2,4
351,WV0010100,2012,burglary,WV,0,2
352,WV0010100,2013,burglary,WV,0,0
353,WV0010100,2014,burglary,WV,0,0
354,WV0010100,2015,burglary,WV,2,3
355,WV0010100,2016,burglary,WV,2,4
356,WV0010200,2009,burglary,WV,1,7
357,WV0010200,2010,burglary,WV,0,3
358,WV0010200,2011,burglary,WV,0,9
359,WV0010200,2012,burglary,WV,0,22
360,WIWSP0000,2014,burglary,WI,0,0
361,WIWSP0000,2015,burglary,WI,0,0
362,WIWSP0000,2016,burglary,WI,0,0
363,WI0010000,2009,burglary,WI,12,181
364,WI0010000,2010,burglary,WI,13,161
365,WI0010000,2011,burglary,WI,42,207
366,WI0010000,2012,burglary,WI,17,185
367,WI0010000,2013,burglary,WI,20,169
368,WI0010000,2014,burglary,WI,32,167
369,WI0010000,2015,burglary,WI,20,124
370,WI0010000,2016,burglary,WI,34,171
371,WI0010100,2009,burglary,WI,4,18
372,WI0010100,2010,burglary,WI,3,13
373,WI0010100,2011,burglary,WI,4,21
374,WI0010100,2012,burglary,WI,8,25
375,WI0010100,2013,burglary,WI,1,16
376,WI0010100,2014,burglary,WI,0,0
377,WI0010100,2015,burglary,WI,0,8
378,WI0010100,2016,burglary,WI,2,12
379,WI0010200,2009,burglary,WI,0,7
380,WY0010000,2009,burglary,WY,1,15
381,WY0010000,2010,burglary,WY,3,10
382,WY0010000,2011,burglary,WY,1,12
383,WY0010000,2012,burglary,WY,2,11
384,WY0010000,2013,burglary,WY,0,7
385,WY0010000,2014,burglary,WY,0,9
386,WY0010000,2015,burglary,WY,1,19
387,WY0010000,2016,burglary,WY,0,5
388,WY0010100,2009,burglary,WY,10,109
389,WY0010100,2010,burglary,WY,9,113
390,WY0010100,2011,burglary,WY,10,89
391,WY0010100,2012,burglary,WY,5,102
392,WY0010100,2013,burglary,WY,2,70
393,WY0010100,2014,burglary,WY,5,60
394,WY0010100,2015,burglary,WY,5,60
395,WY0010100,2016,burglary,WY,2,57
396,WY0010200,2009,burglary,WY,1,5
397,WY0010200,2010,burglary,WY,1,9
398,WY0010200,2011,burglary,WY,0,2
399,WY0010200,2012,burglary,WY,0,5
400,SD0010000,2009,larceny,SD,2,7
401,SD0010000,2010,larceny,SD,0,2
402,SD0010000,2011,larceny,SD,1,2
403,SD0010000,2012,larceny,SD,1,10
404,SD0010000,2013,larceny,SD,0,13
405,SD0010000,2014,larceny,SD,2,7
406,SD0010000,2015,larceny,SD,0,6
407,SD0010000,2016,larceny,SD,1,4
408,SD0020000,2009,larceny,SD,1,12
409,SD0020000,2010,larceny,SD,0,23
410,SD0020000,2011,larceny,SD,2,16
411,SD0020000,2012,larceny,SD,1,23
412,SD0020000,2013,larceny,SD,2,19
413,SD0020000,2014,larceny,SD,2,20
414,SD0020000,2015,larceny,SD,1,13
415,SD0020000,2016,larceny,SD,2,6
416,SD0020100,2009,larceny,SD,0,0
417,SD0020100,2010,larceny,SD,0,0
418,SD0020100,2011,larceny,SD,0,0
419,SD0020100,2012,larceny,SD,37,347
420,TN0010000,2009,larceny,TN,61,422
421,TN0010000,2010,larceny,TN,59,507
422,TN0010000,2011,larceny,TN,60,515
423,TN0010000,2012,larceny,TN,58,396
424,TN0010000,2013,larceny,TN,49,362
425,TN0010000,2014,larceny,TN,44,306
426,TN0010000,2015,larceny,TN,40,211
427,TN0010000,2016,larceny,TN,80,320
428,TN0010100,2009,larceny,TN,136,343
429,TN0010100,2010,larceny,TN,98,360
430,TN0010100,2011,larceny,TN,144,356
431,TN0010100,2012,larceny,TN,117,306
432,TN0010100,2013,larceny,TN,152,281
433,TN0010100,2014,larceny,TN,146,294
434,TN0010100,2015,larceny,TN,207,415
435,TN0010100,2016,larceny,TN,148,356
436,TN0010200,2009,larceny,TN,10,56
437,TN0010200,2010,larceny,TN,5,18
438,TN0010200,2011,larceny,TN,25,68
439,TN0010200,2012,larceny,TN,31,75
440,TX0000000,2009,larceny,TX,0,0
441,TX0000000,2010,larceny,TX,0,0
442,TX0000000,2011,larceny,TX,0,0
443,TX0000000,2012,larceny,TX,0,0
444,TX0000000,2013,larceny,TX,0,0
445,TX0000000,2014,larceny,TX,0,0
446,TX0000000,2015,larceny,TX,0,0
447,TX0000000,2016,larceny,TX,0,0
448,TX0010000,2009,larceny,TX,31,200
449,TX0010000,2010,larceny,TX,47,213
450,TX0010000,2011,larceny,TX,39,232
451,TX0010000,2012,larceny,TX,53,204
452,TX0010000,2013,larceny,TX,46,208
453,TX0010000,2014,larceny,TX,46,173
454,TX0010000,2015,larceny,TX,58,186
455,TX0010000,2016,larceny,TX,42,157
456,TX0010100,2009,larceny,TX,112,508
457,TX0010100,2010,larceny,TX,96,517
458,TX0010100,2011,larceny,TX,150,722
459,TX0010100,2012,larceny,TX,117,616
460,UT0010000,2009,larceny,UT,4,37
461,UT0010000,2010,larceny,UT,5,24
462,UT0010000,2011,larceny,UT,6,18
463,UT0010000,2012,larceny,UT,14,22
464,UT0010000,2013,larceny,UT,6,18
465,UT0010000,2014,larceny,UT,7,90
466,UT0010000,2015,larceny,UT,3,95
467,UT0010000,2016,larceny,UT,5,81
468,UT0020000,2009,larceny,UT,10,137
469,UT0020000,2010,larceny,UT,12,142
470,UT0020000,2011,larceny,UT,11,167
471,UT0020000,2012,larceny,UT,12,146
472,UT0020000,2013,larceny,UT,15,142
473,UT0020000,2014,larceny,UT,14,159
474,UT0020000,2015,larceny,UT,9,109
475,UT0020000,2016,larceny,UT,3,148
476,UT0020100,2009,larceny,UT,91,400
477,UT0020100,2010,larceny,UT,98,349
478,UT0020100,2011,larceny,UT,48,426
479,UT0020100,2012,larceny,UT,55,555
480,VT0010000,2009,larceny,VT,0,0
481,VT0010000,2010,larceny,VT,0,0
482,VT0010000,2011,larceny,VT,0,0
483,VT0010000,2012,larceny,VT,0,0
484,VT0010000,2013,larceny,VT,0,0
485,VT0010000,2014,larceny,VT,1,1
486,VT0010000,2015,larceny,VT,0,0
487,VT0010000,2016,larceny,VT,0,0
488,VT0010100,2009,larceny,VT,0,1
489,VT0010100,2010,larceny,VT,9,44
490,VT0010100,2011,larceny,VT,1,17
491,VT0010100,2012,larceny,VT,5,39
492,VT0010100,2013,larceny,VT,4,33
493,VT0010100,2014,larceny,VT,0,14
494,VT0010100,2015,larceny,VT,9,26
495,VT0010100,2016,larceny,VT,5,15
496,VT0010200,2009,larceny,VT,26,243
497,VT0010200,2010,larceny,VT,39,269
498,VT0010200,2011,larceny,VT,23,161
499,VT0010200,2012,larceny,VT,15,90
500,VA0010000,2009,larceny,VA,41,296
501,VA0010000,2010,larceny,VA,47,315
502,VA0010000,2011,larceny,VA,62,391
503,VA0010000,2012,larceny,VA,50,321
504,VA0010000,2013,larceny,VA,43,270
505,VA0010000,2014,larceny,VA,61,276
506,VA0010000,2015,larceny,VA,35,241
507,VA0010000,2016,larceny,VA,41,241
508,VA0010100,2009,larceny,VA,19,55
509,VA0010100,2010,larceny,VA,25,63
510,VA0010100,2011,larceny,VA,30,56
511,VA0010100,2012,larceny,VA,23,51
512,VA0010100,2013,larceny,VA,17,37
513,VA0010100,2014,larceny,VA,8,39
514,VA0010100,2015,larceny,VA,20,53
515,VA0010100,2016,larceny,VA,15,46
516,VA0010200,2009,larceny,VA,10,27
517,VA0010200,2010,larceny,VA,2,14
518,VA0010200,2011,larceny,VA,1,11
519,VA0010200,2012,larceny,VA,3,13
520,WA0010000,2009,larceny,WA,21,130
521,WA0010000,2010,larceny,WA,26,160
522,WA0010000,2011,larceny,WA,13,152
523,WA0010000,2012,larceny,WA,18,148
524,WA0010000,2013,larceny,WA,10,157
525,WA0010000,2014,larceny,WA,11,134
526,WA0010000,2015,larceny,WA,11,138
527,WA0010000,2016,larceny,WA,6,87
528,WA0010100,2009,larceny,WA,61,353
529,WA0010100,2010,larceny,WA,70,354
530,WA0010100,2011,larceny,WA,80,347
531,WA0010100,2012,larceny,WA,55,314
532,WA0010100,2013,larceny,WA,37,237
533,WA0010100,2014,larceny,WA,62,257
534,WA0010100,2015,larceny,WA,52,226
535,WA0010100,2016,larceny,WA,47,163
536,WA0010200,2009,larceny,WA,6,42
537,WA0010200,2010,larceny,WA,6,51
538,WA0010200,2011,larceny,WA,3,40
539,WA0010200,2012,larceny,WA,7,43
540,WV0010000,2009,larceny,WV,1,7
541,WV0010000,2010,larceny,WV,3,5
542,WV0010000,2011,larceny,WV,1,5
543,WV0010000,2012,larceny,WV,0,13
544,WV0010000,2013,larceny,WV,0,6
545,WV0010000,2014,larceny,WV,0,0
546,WV0010000,2015,larceny,WV,1,7
547,WV0010000,2016,larceny,WV,4,26
548,WV0010100,2009,larceny,WV,0,5
549,WV0010100,2010,larceny,WV,0,11
550,WV0010100,2011,larceny,WV,5,13
551,WV0010100,2012,larceny,WV,3,14
552,WV0010100,2013,larceny,WV,0,0
553,WV0010100,2014,larceny,WV,0,1
554,WV0010100,2015,larceny,WV,0,2
555,WV0010100,2016,larceny,WV,4,6
556,WV0010200,2009,larceny,WV,8,29
557,WV0010200,2010,larceny,WV,6,18
558,WV0010200,2011,larceny,WV,2,12
559,WV0010200,2012,larceny,WV,4,10
560,WIWSP0000,2014,larceny,WI,0,0
561,WIWSP0000,2015,larceny,WI,0,0
562,WIWSP0000,2016,larceny,WI,0,0
563,WI0010000,2009,larceny,WI,40,218
564,WI0010000,2010,larceny,WI,33,179
565,WI0010000,2011,larceny,WI,54,259
566,WI0010000,2012,larceny,WI,25,249
567,WI0010000,2013,larceny,WI,60,284
568,WI0010000,2014,larceny,WI,38,193
569,WI0010000,2015,larceny,WI,31,198
570,WI0010000,2016,larceny,WI,42,179
571,WI0010100,2009,larceny,WI,26,66
572,WI0010100,2010,larceny,WI,17,51
573,WI0010100,2011,larceny,WI,26,62
574,WI0010100,2012,larceny,WI,20,72
575,WI0010100,2013,larceny,WI,24,68
576,WI0010100,2014,larceny,WI,2,8
577,WI0010100,2015,larceny,WI,32,81
578,WI0010100,2016,larceny,WI,27,94
579,WI0010200,2009,larceny,WI,11,36
580,WY0010000,2009,larceny,WY,2,46
581,WY0010000,2010,larceny,WY,9,60
582,WY0010000,2011,larceny,WY,4,30
583,WY0010000,2012,larceny,WY,3,37
584,WY0010000,2013,larceny,WY,3,45
585,WY0010000,2014,larceny,WY,4,35
586,WY0010000,2015,larceny,WY,4,23
587,WY0010000,2016,larceny,WY,3,29
588,WY0010100,2009,larceny,WY,77,522
589,WY0010100,2010,larceny,WY,78,521
590,WY0010100,2011,larceny,WY,104,614
591,WY0010100,2012,larceny,WY,112,585
592,WY0010100,2013,larceny,WY,128,562
593,WY0010100,2014,larceny,WY,157,622
594,WY0010100,2015,larceny,WY,133,442
595,WY0010100,2016,larceny,WY,60,336
596,WY0010200,2009,larceny,WY,13,157
597,WY0010200,2010,larceny,WY,10,210
598,WY0010200,2011,larceny,WY,9,162
599,WY0010200,2012,larceny,WY,7,160
600,SD0010000,2009,motor-vehicle-theft,SD,0,0
601,SD0010000,2010,motor-vehicle-theft,SD,0,0
602,SD0010000,2011,motor-vehicle-theft,SD,0,1
603,SD0010000,2012,motor-vehicle-theft,SD,1,1
604,SD0010000,2013,motor-vehicle-theft,SD,0,0
605,SD0010000,2014,motor-vehicle-theft,SD,1,1
606,SD0010000,2015,motor-vehicle-theft,SD,0,4
607,SD0010000,2016,motor-vehicle-theft,SD,0,0
608,SD0020000,2009,motor-vehicle-theft,SD,1,1
609,SD0020000,2010,motor-vehicle-theft,SD,0,1
610,SD0020000,2011,motor-vehicle-theft,SD,0,0
611,SD0020000,2012,motor-vehicle-theft,SD,1,3
612,SD0020000,2013,motor-vehicle-theft,SD,1,1
613,SD0020000,2014,motor-vehicle-theft,SD,0,3
614,SD0020000,2015,motor-vehicle-theft,SD,3,4
615,SD0020000,2016,motor-vehicle-theft,SD,1,4
616,SD0020100,2009,motor-vehicle-theft,SD,0,0
617,SD0020100,2010,motor-vehicle-theft,SD,0,0
618,SD0020100,2011,motor-vehicle-theft,SD,0,0
619,SD0020100,2012,motor-vehicle-theft,SD,3,18
620,TN0010000,2009,motor-vehicle-theft,TN,5,54
621,TN0010000,2010,motor-vehicle-theft,TN,12,67
622,TN0010000,2011,motor-vehicle-theft,TN,11,59
623,TN0010000,2012,motor-vehicle-theft,TN,25,81
624,TN0010000,2013,motor-vehicle-theft,TN,9,45
625,TN0010000,2014,motor-vehicle-theft,TN,12,57
626,TN0010000,2015,motor-vehicle-theft,TN,13,48
627,TN0010000,2016,motor-vehicle-theft,TN,24,62
628,TN0010100,2009,motor-vehicle-theft,TN,9,25
629,TN0010100,2010,motor-vehicle-theft,TN,5,20
630,TN0010100,2011,motor-vehicle-theft,TN,5,26
631,TN0010100,2012,motor-vehicle-theft,TN,0,29
632,TN0010100,2013,motor-vehicle-theft,TN,1,12
633,TN0010100,2014,motor-vehicle-theft,TN,6,20
634,TN0010100,2015,motor-vehicle-theft,TN,5,14
635,TN0010100,2016,motor-vehicle-theft,TN,5,26
636,TN0010200,2009,motor-vehicle-theft,TN,0,5
637,TN0010200,2010,motor-vehicle-theft,TN,2,3
638,TN0010200,2011,motor-vehicle-theft,TN,0,7
639,TN0010200,2012,motor-vehicle-theft,TN,3,4
640,TX0000000,2009,motor-vehicle-theft,TX,0,0
641,TX0000000,2010,motor-vehicle-theft,TX,0,0
642,TX0000000,2011,motor-vehicle-theft,TX,0,0
643,TX0000000,2012,motor-vehicle-theft,TX,0,0
644,TX0000000,2013,motor-vehicle-theft,TX,0,0
645,TX0000000,2014,motor-vehicle-theft,TX,0,0
646,TX0000000,2015,motor-vehicle-theft,TX,0,0
647,TX0000000,2016,motor-vehicle-theft,TX,0,0
648,TX0010000,2009,motor-vehicle-theft,TX,2,20
649,TX0010000,2010,motor-vehicle-theft,TX,11,18
650,TX0010000,2011,motor-vehicle-theft,TX,18,57
651,TX0010000,2012,motor-vehicle-theft,TX,18,41
652,TX0010000,2013,motor-vehicle-theft,TX,8,43
653,TX0010000,2014,motor-vehicle-theft,TX,18,28
654,TX0010000,2015,motor-vehicle-theft,TX,10,25
655,TX0010000,2016,motor-vehicle-theft,TX,17,40
656,TX0010100,2009,motor-vehicle-theft,TX,9,39
657,TX0010100,2010,motor-vehicle-theft,TX,3,22
658,TX0010100,2011,motor-vehicle-theft,TX,5,19
659,TX0010100,2012,motor-vehicle-theft,TX,3,51
660,UT0010000,2009,motor-vehicle-theft,UT,3,4
661,UT0010000,2010,motor-vehicle-theft,UT,0,1
662,UT0010000,2011,motor-vehicle-theft,UT,2,7
663,UT0010000,2012,motor-vehicle-theft,UT,3,3
664,UT0010000,2013,motor-vehicle-theft,UT,2,3
665,UT0010000,2014,motor-vehicle-theft,UT,2,7
666,UT0010000,2015,motor-vehicle-theft,UT,4,9
667,UT0010000,2016,motor-vehicle-theft,UT,2,9
668,UT0020000,2009,motor-vehicle-theft,UT,1,7
669,UT0020000,2010,motor-vehicle-theft,UT,0,6
670,UT0020000,2011,motor-vehicle-theft,UT,3,12
671,UT0020000,2012,motor-vehicle-theft,UT,2,9
672,UT0020000,2013,motor-vehicle-theft,UT,2,12
673,UT0020000,2014,motor-vehicle-theft,UT,6,18
674,UT0020000,2015,motor-vehicle-theft,UT,0,12
675,UT0020000,2016,motor-vehicle-theft,UT,1,19
676,UT0020100,2009,motor-vehicle-theft,UT,2,15
677,UT0020100,2010,motor-vehicle-theft,UT,9,24
678,UT0020100,2011,motor-vehicle-theft,UT,4,18
679,UT0020100,2012,motor-vehicle-theft,UT,3,19
680,VT0010000,2009,motor-vehicle-theft,VT,0,0
681,VT0010000,2010,motor-vehicle-theft,VT,0,0
682,VT0010000,2011,motor-vehicle-theft,VT,0,0
683,VT0010000,2012,motor-vehicle-theft,VT,0,0
684,VT0010000,2013,motor-vehicle-theft,VT,0,1
685,VT0010000,2014,motor-vehicle-theft,VT,0,0
686,VT0010000,2015,motor-vehicle-theft,VT,0,0
687,VT0010000,2016,motor-vehicle-theft,VT,0,0
688,VT0010100,2009,motor-vehicle-theft,VT,0,0
689,VT0010100,2010,motor-vehicle-theft,VT,0,0
690,VT0010100,2011,motor-vehicle-theft,VT,0,1
691,VT0010100,2012,motor-vehicle-theft,VT,0,0
692,VT0010100,2013,motor-vehicle-theft,VT,0,0
693,VT0010100,2014,motor-vehicle-theft,VT,1,2
694,VT0010100,2015,motor-vehicle-theft,VT,0,1
695,VT0010100,2016,motor-vehicle-theft,VT,0,0
696,VT0010200,2009,motor-vehicle-theft,VT,0,1
697,VT0010200,2010,motor-vehicle-theft,VT,0,2
698,VT0010200,2011,motor-vehicle-theft,VT,0,1
699,VT0010200,2012,motor-vehicle-theft,VT,0,1
700,VA0010000,2009,motor-vehicle-theft,VA,4,33
701,VA0010000,2010,motor-vehicle-theft,VA,5,32
702,VA0010000,2011,motor-vehicle-theft,VA,5,28
703,VA0010000,2012,motor-vehicle-theft,VA,1,12
704,VA0010000,2013,motor-vehicle-theft,VA,6,25
705,VA0010000,2014,motor-vehicle-theft,VA,7,27
706,VA0010000,2015,motor-vehicle-theft,VA,5,26
707,VA0010000,2016,motor-vehicle-theft,VA,11,26
708,VA0010100,2009,motor-vehicle-theft,VA,3,12
709,VA0010100,2010,motor-vehicle-theft,VA,6,5
710,VA0010100,2011,motor-vehicle-theft,VA,2,3
711,VA0010100,2012,motor-vehicle-theft,VA,0,6
712,VA0010100,2013,motor-vehicle-theft,VA,1,1
713,VA0010100,2014,motor-vehicle-theft,VA,0,0
714,VA0010100,2015,motor-vehicle-theft,VA,2,4
715,VA0010100,2016,motor-vehicle-theft,VA,0,4
716,VA0010200,2009,motor-vehicle-theft,VA,0,1
717,VA0010200,2010,motor-vehicle-theft,VA,0,1
718,VA0010200,2011,motor-vehicle-theft,VA,0,1
719,VA0010200,2012,motor-vehicle-theft,VA,0,0
720,WA0010000,2009,motor-vehicle-theft,WA,7,32
721,WA0010000,2010,motor-vehicle-theft,WA,11,32
722,WA0010000,2011,motor-vehicle-theft,WA,5,29
723,WA0010000,2012,motor-vehicle-theft,WA,7,30
724,WA0010000,2013,motor-vehicle-theft,WA,1,34
725,WA0010000,2014,motor-vehicle-theft,WA,6,31
726,WA0010000,2015,motor-vehicle-theft,WA,6,33
727,WA0010000,2016,motor-vehicle-theft,WA,5,22
728,WA0010100,2009,motor-vehicle-theft,WA,8,40
729,WA0010100,2010,motor-vehicle-theft,WA,13,36
730,WA0010100,2011,motor-vehicle-theft,WA,7,35
731,WA0010100,2012,motor-vehicle-theft,WA,5,29
732,WA0010100,2013,motor-vehicle-theft,WA,3,45
733,WA0010100,2014,motor-vehicle-theft,WA,12,64
734,WA0010100,2015,motor-vehicle-theft,WA,12,30
735,WA0010100,2016,motor-vehicle-theft,WA,14,41
736,WA0010200,2009,motor-vehicle-theft,WA,0,3
737,WA0010200,2010,motor-vehicle-theft,WA,1,4
738,WA0010200,2011,motor-vehicle-theft,WA,0,1
739,WA0010200,2012,motor-vehicle-theft,WA,0,0
740,WV0010000,2009,motor-vehicle-theft,WV,0,0
741,WV0010000,2010,motor-vehicle-theft,WV,0,0
742,WV0010000,2011,motor-vehicle-theft,WV,0,0
743,WV0010000,2012,motor-vehicle-theft,WV,0,1
744,WV0010000,2013,motor-vehicle-theft,WV,0,0
745,WV0010000,2014,motor-vehicle-theft,WV,0,0
746,WV0010000,2015,motor-vehicle-theft,WV,0,1
747,WV0010000,2016,motor-vehicle-theft,WV,0,3
748,WV0010100,2009,motor-vehicle-theft,WV,0,0
749,WV0010100,2010,motor-vehicle-theft,WV,0,0
750,WV0010100,2011,motor-vehicle-theft,WV,0,0
751,WV0010100,2012,motor-vehicle-theft,WV,0,0
752,WV0010100,2013,motor-vehicle-theft,WV,0,0
753,WV0010100,2014,motor-vehicle-theft,WV,0,0
754,WV0010100,2015,motor-vehicle-theft,WV,0,0
755,WV0010100,2016,motor-vehicle-theft,WV,0,0
756,WV0010200,2009,motor-vehicle-theft,WV,0,1
757,WV0010200,2010,motor-vehicle-theft,WV,0,1
758,WV0010200,2011,motor-vehicle-theft,WV,0,0
759,WV0010200,2012,motor-vehicle-theft,WV,0,0
760,WIWSP0000,2013,motor-vehicle-theft,WI,0,0
761,WIWSP0000,2014,motor-vehicle-theft,WI,0,0
762,WIWSP0000,2015,motor-vehicle-theft,WI,0,0
763,WIWSP0000,2016,motor-vehicle-theft,WI,0,0
764,WI0010000,2009,motor-vehicle-theft,WI,2,23
765,WI0010000,2010,motor-vehicle-theft,WI,2,17
766,WI0010000,2011,motor-vehicle-theft,WI,0,4
767,WI0010000,2012,motor-vehicle-theft,WI,3,16
768,WI0010000,2013,motor-vehicle-theft,WI,5,18
769,WI0010000,2014,motor-vehicle-theft,WI,1,8
770,WI0010000,2015,motor-vehicle-theft,WI,3,10
771,WI0010000,2016,motor-vehicle-theft,WI,5,5
772,WI0010100,2009,motor-vehicle-theft,WI,2,5
773,WI0010100,2010,motor-vehicle-theft,WI,2,0
774,WI0010100,2011,motor-vehicle-theft,WI,5,5
775,WI0010100,2012,motor-vehicle-theft,WI,0,0
776,WI0010100,2013,motor-vehicle-theft,WI,2,4
777,WI0010100,2014,motor-vehicle-theft,WI,0,0
778,WI0010100,2015,motor-vehicle-theft,WI,0,0
779,WI0010100,2016,motor-vehicle-theft,WI,0,0
780,WY0010000,2009,motor-vehicle-theft,WY,2,7
781,WY0010000,2010,motor-vehicle-theft,WY,1,4
782,WY0010000,2011,motor-vehicle-theft,WY,0,1
783,WY0010000,2012,motor-vehicle-theft,WY,0,5
784,WY0010000,2013,motor-vehicle-theft,WY,1,3
785,WY0010000,2014,motor-vehicle-theft,WY,1,4
786,WY0010000,2015,motor-vehicle-theft,WY,2,4
787,WY0010000,2016,motor-vehicle-theft,WY,0,2
788,WY0010100,2009,motor-vehicle-theft,WY,2,39
789,WY0010100,2010,motor-vehicle-theft,WY,6,33
790,WY0010100,2011,motor-vehicle-theft,WY,2,25
791,WY0010100,2012,motor-vehicle-theft,WY,2,23
792,WY0010100,2013,motor-vehicle-theft,WY,3,38
793,WY0010100,2014,motor-vehicle-theft,WY,0,23
794,WY0010100,2015,motor-vehicle-theft,WY,3,24
795,WY0010100,2016,motor-vehicle-theft,WY,1,17
796,WY0010200,2009,motor-vehicle-theft,WY,0,0
797,WY0010200,2010,motor-vehicle-theft,WY,0,0
798,WY0010200,2011,motor-vehicle-theft,WY,0,1
799,WY0010200,2012,motor-vehicle-theft,WY,0,1
800,SD0010000,2009,homicide,SD,0,0
801,SD0010000,2010,homicide,SD,0,0
802,SD0010000,2011,homicide,SD,0,0
803,SD0010000,2012,homicide,SD,0,0
804,SD0010000,2013,homicide,SD,0,0
805,SD0010000,2014,homicide,SD,0,0
806,SD0010000,2015,homicide,SD,0,0
807,SD0010000,2016,homicide,SD,0,0
808,SD0020000,2009,homicide,SD,0,0
809,SD0020000,2010,homicide,SD,0,0
810,SD0020000,2011,homicide,SD,0,0
811,SD0020000,2012,homicide,SD,0,0
812,SD0020000,2013,homicide,SD,0,0
813,SD0020000,2014,homicide,SD,0,0
814,SD0020000,2015,homicide,SD,0,0
815,SD0020000,2016,homicide,SD,1,1
816,SD0020100,2009,homicide,SD,0,0
817,SD0020100,2010,homicide,SD,0,0
818,SD0020100,2011,homicide,SD,0,0
819,SD0020100,2012,homicide,SD,0,0
820,TN0010000,2009,homicide,TN,1,1
821,TN0010000,2010,homicide,TN,1,1
822,TN0010000,2011,homicide,TN,0,0
823,TN0010000,2012,homicide,TN,1,2
824,TN0010000,2013,homicide,TN,1,0
825,TN0010000,2014,homicide,TN,0,0
826,TN0010000,2015,homicide,TN,1,1
827,TN0010000,2016,homicide,TN,0,0
828,TN0010100,2009,homicide,TN,0,0
829,TN0010100,2010,homicide,TN,0,0
830,TN0010100,2011,homicide,TN,1,1
831,TN0010100,2012,homicide,TN,0,0
832,TN0010100,2013,homicide,TN,0,0
833,TN0010100,2014,homicide,TN,1,1
834,TN0010100,2015,homicide,TN,0,0
835,TN0010100,2016,homicide,TN,0,0
836,TN0010200,2009,homicide,TN,0,0
837,TN0010200,2010,homicide,TN,0,0
838,TN0010200,2011,homicide,TN,0,0
839,TN0010200,2012,homicide,TN,0,0
840,TX0000000,2009,homicide,TX,0,0
841,TX0000000,2010,homicide,TX,0,0
842,TX0000000,2011,homicide,TX,0,0
843,TX0000000,2012,homicide,TX,0,0
844,TX0000000,2013,homicide,TX,0,0
845,TX0000000,2014,homicide,TX,0,0
846,TX0000000,2015,homicide,TX,0,0
847,TX0000000,2016,homicide,TX,0,0
848,TX0010000,2009,homicide,TX,2,2
849,TX0010000,2010,homicide,TX,2,4
850,TX0010000,2011,homicide,TX,1,2
851,TX0010000,2012,homicide,TX,1,1
852,TX0010000,2013,homicide,TX,1,0
853,TX0010000,2014,homicide,TX,1,1
854,TX0010000,2015,homicide,TX,7,7
855,TX0010000,2016,homicide,TX,0,0
856,TX0010100,2009,homicide,TX,3,3
857,TX0010100,2010,homicide,TX,1,1
858,TX0010100,2011,homicide,TX,0,0
859,TX0010100,2012,homicide,TX,2,2
860,UT0010000,2009,homicide,UT,0,0
861,UT0010000,2010,homicide,UT,0,0
862,UT0010000,2011,homicide,UT,0,0
863,UT0010000,2012,homicide,UT,0,0
864,UT0010000,2013,homicide,UT,0,0
865,UT0010000,2014,homicide,UT,0,1
866,UT0010000,2015,homicide,UT,0,0
867,UT0010000,2016,homicide,UT,0,1
868,UT0020000,2009,homicide,UT,0,0
869,UT0020000,2010,homicide,UT,0,0
870,UT0020000,2011,homicide,UT,0,0
871,UT0020000,2012,homicide,UT,0,0
872,UT0020000,2013,homicide,UT,0,0
873,UT0020000,2014,homicide,UT,0,0
874,UT0020000,2015,homicide,UT,0,0
875,UT0020000,2016,homicide,UT,0,0
876,UT0020100,2009,homicide,UT,0,0
877,UT0020100,2010,homicide,UT,0,0
878,UT0020100,2011,homicide,UT,2,3
879,UT0020100,2012,homicide,UT,0,0
880,VT0010000,2009,homicide,VT,0,0
881,VT0010000,2010,homicide,VT,0,0
882,VT0010000,2011,homicide,VT,0,0
883,VT0010000,2012,homicide,VT,0,0
884,VT0010000,2013,homicide,VT,0,0
885,VT0010000,2014,homicide,VT,0,0
886,VT0010000,2015,homicide,VT,0,0
887,VT0010000,2016,homicide,VT,0,0
888,VT0010100,2009,homicide,VT,0,0
889,VT0010100,2010,homicide,VT,0,0
890,VT0010100,2011,homicide,VT,0,0
891,VT0010100,2012,homicide,VT,0,0
892,VT0010100,2013,homicide,VT,0,0
893,VT0010100,2014,homicide,VT,0,0
894,VT0010100,2015,homicide,VT,0,0
895,VT0010100,2016,homicide,VT,0,0
896,VT0010200,2009,homicide,VT,0,0
897,VT0010200,2010,homicide,VT,0,0
898,VT0010200,2011,homicide,VT,0,0
899,VT0010200,2012,homicide,VT,0,0
900,VA0010000,2009,homicide,VA,1,1
901,VA0010000,2010,homicide,VA,0,2
902,VA0010000,2011,homicide,VA,6,6
903,VA0010000,2012,homicide,VA,1,2
904,VA0010000,2013,homicide,VA,1,3
905,VA0010000,2014,homicide,VA,3,4
906,VA0010000,2015,homicide,VA,2,4
907,VA0010000,2016,homicide,VA,5,5
908,VA0010100,2009,homicide,VA,0,0
909,VA0010100,2010,homicide,VA,0,0
910,VA0010100,2011,homicide,VA,0,0
911,VA0010100,2012,homicide,VA,0,0
912,VA0010100,2013,homicide,VA,0,0
913,VA0010100,2014,homicide,VA,0,0
914,VA0010100,2015,homicide,VA,0,0
915,VA0010100,2016,homicide,VA,0,0
916,VA0010200,2009,homicide,VA,0,0
917,VA0010200,2010,homicide,VA,0,0
918,VA0010200,2011,homicide,VA,0,0
919,VA0010200,2012,homicide,VA,0,0
920,WA0010000,2009,homicide,WA,0,1
921,WA0010000,2010,homicide,WA,0,0
922,WA0010000,2011,homicide,WA,0,0
923,WA0010000,2012,homicide,WA,0,0
924,WA0010000,2013,homicide,WA,2,2
925,WA0010000,2014,homicide,WA,1,1
926,WA0010000,2015,homicide,WA,0,0
927,WA0010000,2016,homicide,WA,1,1
928,WA0010100,2009,homicide,WA,0,0
929,WA0010100,2010,homicide,WA,1,1
930,WA0010100,2011,homicide,WA,0,0
931,WA0010100,2012,homicide,WA,0,0
932,WA0010100,2013,homicide,WA,0,1
933,WA0010100,2014,homicide,WA,0,0
934,WA0010100,2015,homicide,WA,0,0
935,WA0010100,2016,homicide,WA,0,0
936,WA0010200,2009,homicide,WA,0,0
937,WA0010200,2010,homicide,WA,0,0
938,WA0010200,2011,homicide,WA,0,0
939,WA0010200,2012,homicide,WA,0,0
940,WV0010000,2009,homicide,WV,0,0
941,WV0010000,2010,homicide,WV,0,0
942,WV0010000,2011,homicide,WV,0,0
943,WV0010000,2012,homicide,WV,0,0
944,WV0010000,2013,homicide,WV,0,0
945,WV0010000,2014,homicide,WV,0,0
946,WV0010000,2015,homicide,WV,0,1
947,WV0010000,2016,homicide,WV,0,0
948,WV0010100,2009,homicide,WV,0,0
949,WV0010100,2010,homicide,WV,0,0
950,WV0010100,2011,homicide,WV,0,0
951,WV0010100,2012,homicide,WV,0,0
952,WV0010100,2013,homicide,WV,0,0
953,WV0010100,2014,homicide,WV,0,0
954,WV0010100,2015,homicide,WV,0,0
955,WV0010100,2016,homicide,WV,0,0
956,WV0010200,2009,homicide,WV,0,0
957,WV0010200,2010,homicide,WV,0,0
958,WV0010200,2011,homicide,WV,0,0
959,WV0010200,2012,homicide,WV,0,0
960,WIWSP0000,2014,homicide,WI,0,0
961,WIWSP0000,2015,homicide,WI,0,0
962,WIWSP0000,2016,homicide,WI,0,0
963,WI0010000,2009,homicide,WI,0,0
964,WI0010000,2010,homicide,WI,0,1
965,WI0010000,2011,homicide,WI,0,0
966,WI0010000,2012,homicide,WI,0,0
967,WI0010000,2013,homicide,WI,1,1
968,WI0010000,2014,homicide,WI,0,0
969,WI0010000,2015,homicide,WI,2,2
970,WI0010000,2016,homicide,WI,0,0
971,WI0010100,2009,homicide,WI,0,0
972,WI0010100,2010,homicide,WI,0,0
973,WI0010100,2011,homicide,WI,0,0
974,WI0010100,2012,homicide,WI,0,0
975,WI0010100,2013,homicide,WI,0,0
976,WI0010100,2014,homicide,WI,0,0
977,WI0010100,2015,homicide,WI,0,0
978,WI0010100,2016,homicide,WI,0,0
979,WI0010200,2009,homicide,WI,0,0
980,WY0010000,2009,homicide,WY,0,0
981,WY0010000,2010,homicide,WY,0,0
982,WY0010000,2011,homicide,WY,0,0
983,WY0010000,2012,homicide,WY,0,0
984,WY0010000,2013,homicide,WY,0,0
985,WY0010000,2014,homicide,WY,0,0
986,WY0010000,2015,homicide,WY,0,0
987,WY0010000,2016,homicide,WY,0,0
988,WY0010100,2009,homicide,WY,0,0
989,WY0010100,2010,homicide,WY,0,0
990,WY0010100,2011,homicide,WY,0,0
991,WY0010100,2012,homicide,WY,0,1
992,WY0010100,2013,homicide,WY,1,1
993,WY0010100,2014,homicide,WY,1,1
994,WY0010100,2015,homicide,WY,1,1
995,WY0010100,2016,homicide,WY,0,0
996,WY0010200,2009,homicide,WY,0,0
997,WY0010200,2010,homicide,WY,0,0
998,WY0010200,2011,homicide,WY,0,0
999,WY0010200,2012,homicide,WY,0,0
1000,SD0010000,2009,rape,SD,0,0
1001,SD0010000,2009,rape-legacy,SD,0,0
1002,SD0010000,2010,rape,SD,0,0
1003,SD0010000,2010,rape-legacy,SD,0,0
1004,SD0010000,2011,rape,SD,0,0
1005,SD0010000,2011,rape-legacy,SD,0,0
1006,SD0010000,2012,rape,SD,0,0
1007,SD0010000,2012,rape-legacy,SD,0,0
1008,SD0010000,2013,rape,SD,0,0
1009,SD0010000,2013,rape-legacy,SD,0,0
1010,SD0010000,2014,rape,SD,1,1
1011,SD0010000,2014,rape-legacy,SD,0,0
1012,SD0010000,2015,rape,SD,2,2
1013,SD0010000,2015,rape-legacy,SD,0,0
1014,SD0010000,2016,rape,SD,0,0
1015,SD0010000,2016,rape-legacy,SD,0,0
1016,SD0020000,2009,rape,SD,0,0
1017,SD0020000,2009,rape-legacy,SD,0,0
1018,SD0020000,2010,rape,SD,0,0
1019,SD0020000,2010,rape-legacy,SD,0,0
1020,TN0010000,2009,rape,TN,0,0
1021,TN0010000,2009,rape-legacy,TN,2,14
1022,TN0010000,2010,rape,TN,0,0
1023,TN0010000,2010,rape-legacy,TN,1,7
1024,TN0010000,2011,rape,TN,0,0
1025,TN0010000,2011,rape-legacy,TN,1,8
1026,TN0010000,2012,rape,TN,0,0
1027,TN0010000,2012,rape-legacy,TN,1,15
1028,TN0010000,2013,rape,TN,1,9
1029,TN0010000,2013,rape-legacy,TN,0,0
1030,TN0010000,2014,rape,TN,4,7
1031,TN0010000,2014,rape-legacy,TN,0,0
1032,TN0010000,2015,rape,TN,2,0
1033,TN0010000,2015,rape-legacy,TN,0,0
1034,TN0010000,2016,rape,TN,1,2
1035,TN0010000,2016,rape-legacy,TN,0,0
1036,TN0010100,2009,rape,TN,0,0
1037,TN0010100,2009,rape-legacy,TN,1,0
1038,TN0010100,2010,rape,TN,0,0
1039,TN0010100,2010,rape-legacy,TN,0,1
1040,TX0000000,2009,rape,TX,0,0
1041,TX0000000,2009,rape-legacy,TX,0,0
1042,TX0000000,2010,rape,TX,0,0
1043,TX0000000,2010,rape-legacy,TX,0,0
1044,TX0000000,2011,rape,TX,0,0
1045,TX0000000,2011,rape-legacy,TX,0,0
1046,TX0000000,2012,rape,TX,0,0
1047,TX0000000,2012,rape-legacy,TX,0,0
1048,TX0000000,2013,rape,TX,0,0
1049,TX0000000,2013,rape-legacy,TX,0,0
1050,TX0000000,2014,rape,TX,0,0
1051,TX0000000,2014,rape-legacy,TX,0,0
1052,TX0000000,2015,rape,TX,0,0
1053,TX0000000,2015,rape-legacy,TX,0,0
1054,TX0000000,2016,rape,TX,0,0
1055,TX0000000,2016,rape-legacy,TX,0,0
1056,TX0010000,2009,rape,TX,0,0
1057,TX0010000,2009,rape-legacy,TX,1,2
1058,TX0010000,2010,rape,TX,0,0
1059,TX0010000,2010,rape-legacy,TX,2,6
1060,UT0010000,2009,rape,UT,0,0
1061,UT0010000,2009,rape-legacy,UT,0,0
1062,UT0010000,2010,rape,UT,0,0
1063,UT0010000,2010,rape-legacy,UT,2,2
1064,UT0010000,2011,rape,UT,0,0
1065,UT0010000,2011,rape-legacy,UT,1,1
1066,UT0010000,2012,rape,UT,0,0
1067,UT0010000,2012,rape-legacy,UT,0,0
1068,UT0010000,2013,rape,UT,0,0
1069,UT0010000,2013,rape-legacy,UT,0,0
1070,UT0010000,2014,rape,UT,0,0
1071,UT0010000,2014,rape-legacy,UT,0,0
1072,UT0010000,2015,rape,UT,0,0
1073,UT0010000,2015,rape-legacy,UT,0,2
1074,UT0010000,2016,rape,UT,0,0
1075,UT0010000,2016,rape-legacy,UT,0,0
1076,UT0020000,2009,rape,UT,0,0
1077,UT0020000,2009,rape-legacy,UT,0,3
1078,UT0020000,2010,rape,UT,0,0
1079,UT0020000,2010,rape-legacy,UT,0,3
1080,VT0010000,2009,rape,VT,0,0
1081,VT0010000,2009,rape-legacy,VT,0,0
1082,VT0010000,2010,rape,VT,0,0
1083,VT0010000,2010,rape-legacy,VT,0,0
1084,VT0010000,2011,rape,VT,0,0
1085,VT0010000,2011,rape-legacy,VT,0,0
1086,VT0010000,2012,rape,VT,0,0
1087,VT0010000,2012,rape-legacy,VT,0,1
1088,VT0010000,2013,rape,VT,3,8
1089,VT0010000,2013,rape-legacy,VT,0,0
1090,VT0010000,2014,rape,VT,4,8
1091,VT0010000,2014,rape-legacy,VT,0,0
1092,VT0010000,2015,rape,VT,2,5
1093,VT0010000,2015,rape-legacy,VT,0,0
1094,VT0010000,2016,rape,VT,1,2
1095,VT0010000,2016,rape-legacy,VT,0,0
1096,VT0010100,2009,rape,VT,0,0
1097,VT0010100,2009,rape-legacy,VT,0,0
1098,VT0010100,2010,rape,VT,0,0
1099,VT0010100,2010,rape-legacy,VT,0,0
1100,VA0010000,2009,rape,VA,0,0
1101,VA0010000,2009,rape-legacy,VA,3,11
1102,VA0010000,2010,rape,VA,0,0
1103,VA0010000,2010,rape-legacy,VA,6,7
1104,VA0010000,2011,rape,VA,0,0
1105,VA0010000,2011,rape-legacy,VA,9,11
1106,VA0010000,2012,rape,VA,0,0
1107,VA0010000,2012,rape-legacy,VA,6,5
1108,VA0010000,2013,rape,VA,3,9
1109,VA0010000,2013,rape-legacy,VA,0,0
1110,VA0010000,2014,rape,VA,14,14
1111,VA0010000,2014,rape-legacy,VA,0,0
1112,VA0010000,2015,rape,VA,12,17
1113,VA0010000,2015,rape-legacy,VA,0,0
1114,VA0010000,2016,rape,VA,16,16
1115,VA0010000,2016,rape-legacy,VA,0,0
1116,VA0010100,2009,rape,VA,0,0
1117,VA0010100,2009,rape-legacy,VA,0,0
1118,VA0010100,2010,rape,VA,0,0
1119,VA0010100,2010,rape-legacy,VA,1,1
1120,WA0010000,2009,rape,WA,0,0
1121,WA0010000,2009,rape-legacy,WA,1,4
1122,WA0010000,2010,rape,WA,0,0
1123,WA0010000,2010,rape-legacy,WA,2,5
1124,WA0010000,2011,rape,WA,0,0
1125,WA0010000,2011,rape-legacy,WA,2,3
1126,WA0010000,2012,rape,WA,0,0
1127,WA0010000,2012,rape-legacy,WA,4,7
1128,WA0010000,2013,rape,WA,4,5
1129,WA0010000,2013,rape-legacy,WA,0,0
1130,WA0010000,2014,rape,WA,1,3
1131,WA0010000,2014,rape-legacy,WA,0,0
1132,WA0010000,2015,rape,WA,2,2
1133,WA0010000,2015,rape-legacy,WA,0,0
1134,WA0010000,2016,rape,WA,3,4
1135,WA0010000,2016,rape-legacy,WA,0,0
1136,WA0010100,2009,rape,WA,0,0
1137,WA0010100,2009,rape-legacy,WA,2,2
1138,WA0010100,2010,rape,WA,0,0
1139,WA0010100,2010,rape-legacy,WA,1,3
1140,WV0010000,2009,rape,WV,0,0
1141,WV0010000,2009,rape-legacy,WV,0,0
1142,WV0010000,2010,rape,WV,0,0
1143,WV0010000,2010,rape-legacy,WV,0,0
1144,WV0010000,2011,rape,WV,0,0
1145,WV0010000,2011,rape-legacy,WV,0,0
1146,WV0010000,2012,rape,WV,0,0
1147,WV0010000,2012,rape-legacy,WV,0,0
1148,WV0010000,2013,rape,WV,0,0
1149,WV0010000,2013,rape-legacy,WV,0,0
1150,WV0010000,2014,rape,WV,0,0
1151,WV0010000,2014,rape-legacy,WV,0,0
1152,WV0010000,2015,rape,WV,0,0
1153,WV0010000,2015,rape-legacy,WV,0,0
1154,WV0010000,2016,rape,WV,0,2
1155,WV0010000,2016,rape-legacy,WV,0,0
1156,WV0010100,2009,rape,WV,0,0
1157,WV0010100,2009,rape-legacy,WV,0,0
1158,WV0010100,2010,rape,WV,0,0
1159,WV0010100,2010,rape-legacy,WV,0,0
1160,WIWSP0000,2013,rape,WI,0,0
1161,WIWSP0000,2013,rape-legacy,WI,0,0
1162,WIWSP0000,2014,rape,WI,0,0
1163,WIWSP0000,2014,rape-legacy,WI,0,0
1164,WIWSP0000,2015,rape,WI,0,0
1165,WIWSP0000,2015,rape-legacy,WI,0,0
1166,WIWSP0000,2016,rape,WI,0,0
1167,WIWSP0000,2016,rape-legacy,WI,0,0
1168,WI0010000,2009,rape,WI,0,0
1169,WI0010000,2009,rape-legacy,WI,1,3
1170,WI0010000,2010,rape,WI,0,0
1171,WI0010000,2010,rape-legacy,WI,2,8
1172,WI0010000,2011,rape,WI,0,0
1173,WI0010000,2011,rape-legacy,WI,5,5
1174,WI0010000,2012,rape,WI,0,0
1175,WI0010000,2012,rape-legacy,WI,3,6
1176,WI0010000,2013,rape,WI,0,0
1177,WI0010000,2013,rape-legacy,WI,6,9
1178,WI0010000,2014,rape,WI,0,0
1179,WI0010000,2014,rape-legacy,WI,9,12
1180,WY0010000,2009,rape,WY,0,0
1181,WY0010000,2009,rape-legacy,WY,0,0
1182,WY0010000,2010,rape,WY,0,0
1183,WY0010000,2010,rape-legacy,WY,0,3
1184,WY0010000,2011,rape,WY,0,0
1185,WY0010000,2011,rape-legacy,WY,0,0
1186,WY0010000,2012,rape,WY,0,0
1187,WY0010000,2012,rape-legacy,WY,0,1
1188,WY0010000,2013,rape,WY,0,0
1189,WY0010000,2013,rape-legacy,WY,0,0
1190,WY0010000,2014,rape,WY,0,1
1191,WY0010000,2014,rape-legacy,WY,0,0
1192,WY0010000,2015,rape,WY,0,0
1193,WY0010000,2015,rape-legacy,WY,0,0
1194,WY0010000,2016,rape,WY,0,0
1195,WY0010000,2016,rape-legacy,WY,0,0
1196,WY0010100,2009,rape,WY,0,0
1197,WY0010100,2009,rape-legacy,WY,2,6
1198,WY0010100,2010,rape,WY,0,0
1199,WY0010100,2010,rape-legacy,WY,3,10
1200,SD0010000,2009,robbery,SD,0,0
1201,SD0010000,2010,robbery,SD,0,0
1202,SD0010000,2011,robbery,SD,0,0
1203,SD0010000,2012,robbery,SD,0,0
1204,SD0010000,2013,robbery,SD,0,0
1205,SD0010000,2014,robbery,SD,0,0
1206,SD0010000,2015,robbery,SD,0,0
1207,SD0010000,2016,robbery,SD,0,0
1208,SD0020000,2009,robbery,SD,0,0
1209,SD0020000,2010,robbery,SD,0,0
1210,SD0020000,2011,robbery,SD,0,0
1211,SD0020000,2012,robbery,SD,0,0
1212,SD0020000,2013,robbery,SD,0,0
1213,SD0020000,2014,robbery,SD,0,0
1214,SD0020000,2015,robbery,SD,1,1
1215,SD0020000,2016,robbery,SD,0,0
1216,SD0020100,2009,robbery,SD,0,0
1217,SD0020100,2010,robbery,SD,0,0
1218,SD0020100,2011,robbery,SD,0,0
1219,SD0020100,2012,robbery,SD,0,0
1220,TN0010000,2009,robbery,TN,4,4
1221,TN0010000,2010,robbery,TN,6,13
1222,TN0010000,2011,robbery,TN,8,14
1223,TN0010000,2012,robbery,TN,6,10
1224,TN0010000,2013,robbery,TN,3,6
1225,TN0010000,2014,robbery,TN,3,13
1226,TN0010000,2015,robbery,TN,4,5
1227,TN0010000,2016,robbery,TN,4,6
1228,TN0010100,2009,robbery,TN,2,7
1229,TN0010100,2010,robbery,TN,2,5
1230,TN0010100,2011,robbery,TN,4,5
1231,TN0010100,2012,robbery,TN,2,5
1232,TN0010100,2013,robbery,TN,2,8
1233,TN0010100,2014,robbery,TN,3,4
1234,TN0010100,2015,robbery,TN,6,9
1235,TN0010100,2016,robbery,TN,7,13
1236,TN0010200,2009,robbery,TN,0,3
1237,TN0010200,2010,robbery,TN,0,0
1238,TN0010200,2011,robbery,TN,0,2
1239,TN0010200,2012,robbery,TN,0,2
1240,TX0000000,2009,robbery,TX,0,0
1241,TX0000000,2010,robbery,TX,0,0
1242,TX0000000,2011,robbery,TX,0,0
1243,TX0000000,2012,robbery,TX,0,0
1244,TX0000000,2013,robbery,TX,0,0
1245,TX0000000,2014,robbery,TX,0,0
1246,TX0000000,2015,robbery,TX,0,0
1247,TX0000000,2016,robbery,TX,0,0
1248,TX0010000,2009,robbery,TX,7,7
1249,TX0010000,2010,robbery,TX,4,3
1250,TX0010000,2011,robbery,TX,2,4
1251,TX0010000,2012,robbery,TX,3,2
1252,TX0010000,2013,robbery,TX,1,3
1253,TX0010000,2014,robbery,TX,2,7
1254,TX0010000,2015,robbery,TX,3,3
1255,TX0010000,2016,robbery,TX,5,7
1256,TX0010100,2009,robbery,TX,9,29
1257,TX0010100,2010,robbery,TX,4,14
1258,TX0010100,2011,robbery,TX,5,24
1259,TX0010100,2012,robbery,TX,4,21
1260,UT0010000,2009,robbery,UT,0,0
1261,UT0010000,2010,robbery,UT,0,0
1262,UT0010000,2011,robbery,UT,0,0
1263,UT0010000,2012,robbery,UT,0,0
1264,UT0010000,2013,robbery,UT,0,0
1265,UT0010000,2014,robbery,UT,0,1
1266,UT0010000,2015,robbery,UT,0,0
1267,UT0010000,2016,robbery,UT,0,0
1268,UT0020000,2009,robbery,UT,1,1
1269,UT0020000,2010,robbery,UT,0,0
1270,UT0020000,2011,robbery,UT,0,1
1271,UT0020000,2012,robbery,UT,0,0
1272,UT0020000,2013,robbery,UT,0,1
1273,UT0020000,2014,robbery,UT,0,0
1274,UT0020000,2015,robbery,UT,0,0
1275,UT0020000,2016,robbery,UT,0,0
1276,UT0020100,2009,robbery,UT,1,5
1277,UT0020100,2010,robbery,UT,2,3
1278,UT0020100,2011,robbery,UT,1,5
1279,UT0020100,2012,robbery,UT,1,4
1280,VT0010000,2009,robbery,VT,0,0
1281,VT0010000,2010,robbery,VT,0,0
1282,VT0010000,2011,robbery,VT,0,0
1283,VT0010000,2012,robbery,VT,0,0
1284,VT0010000,2013,robbery,VT,0,0
1285,VT0010000,2014,robbery,VT,0,0
1286,VT0010000,2015,robbery,VT,0,0
1287,VT0010000,2016,robbery,VT,0,0
1288,VT0010100,2009,robbery,VT,0,0
1289,VT0010100,2010,robbery,VT,0,1
1290,VT0010100,2011,robbery,VT,0,0
1291,VT0010100,2012,robbery,VT,0,0
1292,VT0010100,2013,robbery,VT,0,0
1293,VT0010100,2014,robbery,VT,0,0
1294,VT0010100,2015,robbery,VT,1,1
1295,VT0010100,2016,robbery,VT,0,0
1296,VT0010200,2009,robbery,VT,1,2
1297,VT0010200,2010,robbery,VT,0,0
1298,VT0010200,2011,robbery,VT,1,1
1299,VT0010200,2012,robbery,VT,1,1
1300,VA0010000,2009,robbery,VA,7,27
1301,VA0010000,2010,robbery,VA,11,29
1302,VA0010000,2011,robbery,VA,5,16
1303,VA0010000,2012,robbery,VA,4,12
1304,VA0010000,2013,robbery,VA,1,7
1305,VA0010000,2014,robbery,VA,3,7
1306,VA0010000,2015,robbery,VA,3,19
1307,VA0010000,2016,robbery,VA,5,5
1308,VA0010100,2009,robbery,VA,0,0
1309,VA0010100,2010,robbery,VA,0,0
1310,VA0010100,2011,robbery,VA,0,0
1311,VA0010100,2012,robbery,VA,1,1
1312,VA0010100,2013,robbery,VA,0,0
1313,VA0010100,2014,robbery,VA,1,1
1314,VA0010100,2015,robbery,VA,0,0
1315,VA0010100,2016,robbery,VA,0,0
1316,VA0010200,2009,robbery,VA,0,0
1317,VA0010200,2010,robbery,VA,0,0
1318,VA0010200,2011,robbery,VA,1,1
1319,VA0010200,2012,robbery,VA,0,0
1320,WA0010000,2009,robbery,WA,3,7
1321,WA0010000,2010,robbery,WA,4,4
1322,WA0010000,2011,robbery,WA,1,6
1323,WA0010000,2012,robbery,WA,1,2
1324,WA0010000,2013,robbery,WA,1,1
1325,WA0010000,2014,robbery,WA,0,1
1326,WA0010000,2015,robbery,WA,4,6
1327,WA0010000,2016,robbery,WA,1,3
1328,WA0010100,2009,robbery,WA,0,12
1329,WA0010100,2010,robbery,WA,2,5
1330,WA0010100,2011,robbery,WA,0,4
1331,WA0010100,2012,robbery,WA,2,5
1332,WA0010100,2013,robbery,WA,4,8
1333,WA0010100,2014,robbery,WA,1,7
1334,WA0010100,2015,robbery,WA,3,5
1335,WA0010100,2016,robbery,WA,2,5
1336,WA0010200,2009,robbery,WA,0,0
1337,WA0010200,2010,robbery,WA,1,1
1338,WA0010200,2011,robbery,WA,0,0
1339,WA0010200,2012,robbery,WA,0,1
1340,WV0010000,2009,robbery,WV,0,0
1341,WV0010000,2010,robbery,WV,0,0
1342,WV0010000,2011,robbery,WV,0,0
1343,WV0010000,2012,robbery,WV,0,0
1344,WV0010000,2013,robbery,WV,0,0
1345,WV0010000,2014,robbery,WV,0,0
1346,WV0010000,2015,robbery,WV,0,0
1347,WV0010000,2016,robbery,WV,0,0
1348,WV0010100,2009,robbery,WV,0,0
1349,WV0010100,2010,robbery,WV,1,1
1350,WV0010100,2011,robbery,WV,0,0
1351,WV0010100,2012,robbery,WV,0,0
1352,WV0010100,2013,robbery,WV,0,0
1353,WV0010100,2014,robbery,WV,0,0
1354,WV0010100,2015,robbery,WV,0,0
1355,WV0010100,2016,robbery,WV,0,0
1356,WV0010200,2009,robbery,WV,0,0
1357,WV0010200,2010,robbery,WV,0,0
1358,WV0010200,2011,robbery,WV,0,0
1359,WV0010200,2012,robbery,WV,0,0
1360,WIWSP0000,2013,robbery,WI,0,0
1361,WIWSP0000,2014,robbery,WI,0,0
1362,WIWSP0000,2015,robbery,WI,0,0
1363,WIWSP0000,2016,robbery,WI,0,0
1364,WI0010000,2009,robbery,WI,0,0
1365,WI0010000,2010,robbery,WI,3,1
1366,WI0010000,2011,robbery,WI,1,1
1367,WI0010000,2012,robbery,WI,1,6
1368,WI0010000,2013,robbery,WI,1,2
1369,WI0010000,2014,robbery,WI,1,2
1370,WI0010000,2015,robbery,WI,0,0
1371,WI0010000,2016,robbery,WI,0,0
1372,WI0010100,2009,robbery,WI,0,1
1373,WI0010100,2010,robbery,WI,1,1
1374,WI0010100,2011,robbery,WI,0,1
1375,WI0010100,2012,robbery,WI,0,0
1376,WI0010100,2013,robbery,WI,0,0
1377,WI0010100,2014,robbery,WI,0,0
1378,WI0010100,2015,robbery,WI,0,0
1379,WI0010100,2016,robbery,WI,0,0
1380,WY0010000,2009,robbery,WY,0,0
1381,WY0010000,2010,robbery,WY,0,0
1382,WY0010000,2011,robbery,WY,0,0
1383,WY0010000,2012,robbery,WY,0,0
1384,WY0010000,2013,robbery,WY,0,0
1385,WY0010000,2014,robbery,WY,0,1
1386,WY0010000,2015,robbery,WY,0,0
1387,WY0010000,2016,robbery,WY,0,0
1388,WY0010100,2009,robbery,WY,0,1
1389,WY0010100,2010,robbery,WY,0,1
1390,WY0010100,2011,robbery,WY,2,5
1391,WY0010100,2012,robbery,WY,1,2
1392,WY0010100,2013,robbery,WY,0,3
1393,WY0010100,2014,robbery,WY,1,5
1394,WY0010100,2015,robbery,WY,0,0
1395,WY0010100,2016,robbery,WY,0,2
1396,WY0010200,2009,robbery,WY,0,0
1397,WY0010200,2010,robbery,WY,0,0
1398,WY0010200,2011,robbery,WY,0,0
1399,WY0010200,2012,robbery,WY,0,0
1400,SD0010000,2009,arson,SD,0,0
1401,SD0010000,2010,arson,SD,0,0
1402,SD0010000,2011,arson,SD,0,0
1403,SD0010000,2012,arson,SD,0,0
1404,SD0010000,2013,arson,SD,0,0
1405,SD0010000,2014,arson,SD,1,1
1406,SD0010000,2015,arson,SD,0,0
1407,SD0010000,2016,arson,SD,0,0
1408,SD0020000,2009,arson,SD,0,0
1409,SD0020000,2010,arson,SD,0,0
1410,SD0020000,2011,arson,SD,0,1
1411,SD0020000,2012,arson,SD,0,0
1412,SD0020000,2013,arson,SD,0,0
1413,SD0020000,2014,arson,SD,0,1
1414,SD0020000,2015,arson,SD,0,0
1415,SD0020000,2016,arson,SD,0,0
1416,SD0020100,2009,arson,SD,0,0
1417,SD0020100,2010,arson,SD,0,0
1418,SD0020100,2011,arson,SD,0,0
1419,SD0020100,2012,arson,SD,0,12
1420,TN0010000,2009,arson,TN,0,8
1421,TN0010000,2010,arson,TN,1,7
1422,TN0010000,2011,arson,TN,0,4
1423,TN0010000,2012,arson,TN,1,9
1424,TN0010000,2013,arson,TN,2,10
1425,TN0010000,2014,arson,TN,1,3
1426,TN0010000,2015,arson,TN,1,5
1427,TN0010000,2016,arson,TN,2,5
1428,TN0010100,2009,arson,TN,0,0
1429,TN0010100,2010,arson,TN,1,1
1430,TN0010100,2011,arson,TN,1,3
1431,TN0010100,2012,arson,TN,0,2
1432,TN0010100,2013,arson,TN,0,1
1433,TN0010100,2014,arson,TN,1,5
1434,TN0010100,2015,arson,TN,0,4
1435,TN0010100,2016,arson,TN,1,3
1436,TN0010200,2009,arson,TN,0,2
1437,TN0010200,2010,arson,TN,2,2
1438,TN0010200,2011,arson,TN,1,2
1439,TN0010200,2012,arson,TN,0,2
1440,TX0000000,2009,arson,TX,0,0
1441,TX0000000,2010,arson,TX,0,0
1442,TX0000000,2011,arson,TX,0,0
1443,TX0000000,2012,arson,TX,0,0
1444,TX0000000,2013,arson,TX,0,0
1445,TX0000000,2014,arson,TX,0,0
1446,TX0000000,2015,arson,TX,0,0
1447,TX0000000,2016,arson,TX,0,0
1448,TX0010000,2009,arson,TX,3,10
1449,TX0010000,2010,arson,TX,1,13
1450,TX0010000,2011,arson,TX,3,6
1451,TX0010000,2012,arson,TX,1,3
1452,TX0010000,2013,arson,TX,1,18
1453,TX0010000,2014,arson,TX,0,7
1454,TX0010000,2015,arson,TX,0,0
1455,TX0010000,2016,arson,TX,0,0
1456,TX0010100,2009,arson,TX,1,6
1457,TX0010100,2010,arson,TX,0,5
1458,TX0010100,2011,arson,TX,0,0
1459,TX0010100,2012,arson,TX,1,4
1460,UT0010000,2009,arson,UT,0,0
1461,UT0010000,2010,arson,UT,0,0
1462,UT0010000,2011,arson,UT,0,0
1463,UT0010000,2012,arson,UT,0,0
1464,UT0010000,2013,arson,UT,0,0
1465,UT0010000,2014,arson,UT,0,2
1466,UT0010000,2015,arson,UT,1,0
1467,UT0010000,2016,arson,UT,3,4
1468,UT0020000,2009,arson,UT,0,0
1469,UT0020000,2010,arson,UT,0,0
1470,UT0020000,2011,arson,UT,0,0
1471,UT0020000,2012,arson,UT,0,0
1472,UT0020000,2013,arson,UT,0,0
1473,UT0020000,2014,arson,UT,0,0
1474,UT0020000,2015,arson,UT,0,0
1475,UT0020000,2016,arson,UT,0,0
1476,UT0020100,2009,arson,UT,0,0
1477,UT0020100,2010,arson,UT,0,0
1478,UT0020100,2011,arson,UT,1,7
1479,UT0020100,2012,arson,UT,1,3
1480,VT0010000,2009,arson,VT,0,0
1481,VT0010000,2010,arson,VT,0,0
1482,VT0010000,2011,arson,VT,0,0
1483,VT0010000,2012,arson,VT,0,0
1484,VT0010000,2013,arson,VT,0,0
1485,VT0010000,2014,arson,VT,0,0
1486,VT0010000,2015,arson,VT,0,0
1487,VT0010000,2016,arson,VT,0,0
1488,VT0010100,2009,arson,VT,0,0
1489,VT0010100,2010,arson,VT,0,0
1490,VT0010100,2011,arson,VT,0,0
1491,VT0010100,2012,arson,VT,0,0
1492,VT0010100,2013,arson,VT,0,0
1493,VT0010100,2014,arson,VT,0,0
1494,VT0010100,2015,arson,VT,0,0
1495,VT0010100,2016,arson,VT,0,1
1496,VT0010200,2009,arson,VT,0,1
1497,VT0010200,2010,arson,VT,0,1
1498,VT0010200,2011,arson,VT,0,0
1499,VT0010200,2012,arson,VT,2,3
1500,VA0010000,2009,arson,VA,0,0
1501,VA0010000,2010,arson,VA,0,2
1502,VA0010000,2011,arson,VA,0,1
1503,VA0010000,2012,arson,VA,0,2
1504,VA0010000,2013,arson,VA,0,0
1505,VA0010000,2014,arson,VA,0,1
1506,VA0010000,2015,arson,VA,0,0
1507,VA0010000,2016,arson,VA,0,1
1508,VA0010100,2009,arson,VA,0,0
1509,VA0010100,2010,arson,VA,1,1
1510,VA0010100,2011,arson,VA,0,0
1511,VA0010100,2012,arson,VA,0,0
1512,VA0010100,2013,arson,VA,0,1
1513,VA0010100,2014,arson,VA,0,0
1514,VA0010100,2015,arson,VA,0,0
1515,VA0010100,2016,arson,VA,0,0
1516,VA0010200,2009,arson,VA,0,0
1517,VA0010200,2010,arson,VA,0,1
1518,VA0010200,2011,arson,VA,0,0
1519,VA0010200,2012,arson,VA,0,0
1520,WA0010000,2009,arson,WA,0,5
1521,WA0010000,2010,arson,WA,0,6
1522,WA0010000,2011,arson,WA,1,6
1523,WA0010000,2012,arson,WA,0,2
1524,WA0010000,2013,arson,WA,0,4
1525,WA0010000,2014,arson,WA,5,10
1526,WA0010000,2015,arson,WA,1,5
1527,WA0010000,2016,arson,WA,0,0
1528,WA0010100,2009,arson,WA,0,4
1529,WA0010100,2010,arson,WA,0,0
1530,WA0010100,2011,arson,WA,0,2
1531,WA0010100,2012,arson,WA,2,8
1532,WA0010100,2013,arson,WA,1,2
1533,WA0010100,2014,arson,WA,0,0
1534,WA0010100,2015,arson,WA,1,3
1535,WA0010100,2016,arson,WA,0,1
1536,WA0010200,2009,arson,WA,1,1
1537,WA0010200,2010,arson,WA,0,0
1538,WA0010200,2011,arson,WA,1,1
1539,WA0010200,2012,arson,WA,0,0
1540,WV0010000,2009,arson,WV,0,0
1541,WV0010000,2010,arson,WV,0,0
1542,WV0010000,2011,arson,WV,0,0
1543,WV0010000,2012,arson,WV,0,0
1544,WV0010000,2013,arson,WV,0,0
1545,WV0010000,2014,arson,WV,0,0
1546,WV0010000,2015,arson,WV,0,0
1547,WV0010000,2016,arson,WV,0,0
1548,WV0010100,2009,arson,WV,0,0
1549,WV0010100,2010,arson,WV,0,0
1550,WV0010100,2011,arson,WV,0,0
1551,WV0010100,2012,arson,WV,0,0
1552,WV0010100,2013,arson,WV,0,0
1553,WV0010100,2014,arson,WV,0,0
1554,WV0010100,2015,arson,WV,0,0
1555,WV0010100,2016,arson,WV,0,0
1556,WV0010200,2009,arson,WV,0,0
1557,WV0010200,2010,arson,WV,0,0
1558,WV0010200,2011,arson,WV,0,0
1559,WV0010200,2012,arson,WV,0,0
1560,WIWSP0000,2014,arson,WI,0,0
1561,WIWSP0000,2015,arson,WI,0,0
1562,WIWSP0000,2016,arson,WI,0,0
1563,WI0010000,2009,arson,WI,0,0
1564,WI0010000,2010,arson,WI,0,0
1565,WI0010000,2011,arson,WI,0,0
1566,WI0010000,2012,arson,WI,0,0
1567,WI0010000,2013,arson,WI,0,1
1568,WI0010000,2014,arson,WI,1,1
1569,WI0010000,2015,arson,WI,2,2
1570,WI0010000,2016,arson,WI,0,0
1571,WI0010100,2009,arson,WI,1,1
1572,WI0010100,2010,arson,WI,0,0
1573,WI0010100,2011,arson,WI,0,0
1574,WI0010100,2012,arson,WI,0,0
1575,WI0010100,2013,arson,WI,0,0
1576,WI0010100,2014,arson,WI,0,0
1577,WI0010100,2015,arson,WI,0,0
1578,WI0010100,2016,arson,WI,0,0
1579,WI0010200,2009,arson,WI,0,0
1580,WY0010000,2009,arson,WY,0,0
1581,WY0010000,2010,arson,WY,0,0
1582,WY0010000,2011,arson,WY,0,0
1583,WY0010000,2012,arson,WY,1,1
1584,WY0010000,2013,arson,WY,0,0
1585,WY0010000,2014,arson,WY,0,0
1586,WY0010000,2015,arson,WY,0,0
1587,WY0010000,2016,arson,WY,1,1
1588,WY0010100,2009,arson,WY,0,1
1589,WY0010100,2010,arson,WY,1,4
1590,WY0010100,2011,arson,WY,2,3
1591,WY0010100,2012,arson,WY,3,8
1592,WY0010100,2013,arson,WY,1,2
1593,WY0010100,2014,arson,WY,3,3
1594,WY0010100,2015,arson,WY,0,3
1595,WY0010100,2016,arson,WY,0,1
1596,WY0010200,2009,arson,WY,0,0
1597,WY0010200,2010,arson,WY,0,0
1598,WY0010200,2011,arson,WY,0,0
1599,WY0010200,2012,arson,WY,0,0
1600,SD0010000,2009,violent-crime,SD,1,1
1601,SD0010000,2010,violent-crime,SD,0,0
1602,SD0010000,2011,violent-crime,SD,0,0
1603,SD0010000,2012,violent-crime,SD,0,0
1604,SD0010000,2013,violent-crime,SD,4,4
1605,SD0010000,2014,violent-crime,SD,1,1
1606,SD0010000,2015,violent-crime,SD,3,3
1607,SD0010000,2016,violent-crime,SD,0,0
1608,SD0020000,2009,violent-crime,SD,0,0
1609,SD0020000,2010,violent-crime,SD,0,1
1610,SD0020000,2011,violent-crime,SD,0,0
1611,SD0020000,2012,violent-crime,SD,2,2
1612,SD0020000,2013,violent-crime,SD,2,2
1613,SD0020000,2014,violent-crime,SD,4,4
1614,SD0020000,2015,violent-crime,SD,7,7
1615,SD0020000,2016,violent-crime,SD,5,5
1616,SD0020100,2009,violent-crime,SD,0,0
1617,SD0020100,2010,violent-crime,SD,0,0
1618,SD0020100,2011,violent-crime,SD,0,0
1619,SD0020100,2012,violent-crime,SD,22,41
1620,TN0010000,2009,violent-crime,TN,68,120
1621,TN0010000,2010,violent-crime,TN,83,110
1622,TN0010000,2011,violent-crime,TN,68,120
1623,TN0010000,2012,violent-crime,TN,68,106
1624,TN0010000,2013,violent-crime,TN,46,63
1625,TN0010000,2014,violent-crime,TN,57,78
1626,TN0010000,2015,violent-crime,TN,55,67
1627,TN0010000,2016,violent-crime,TN,76,99
1628,TN0010100,2009,violent-crime,TN,27,42
1629,TN0010100,2010,violent-crime,TN,24,44
1630,TN0010100,2011,violent-crime,TN,30,48
1631,TN0010100,2012,violent-crime,TN,38,67
1632,TN0010100,2013,violent-crime,TN,21,39
1633,TN0010100,2014,violent-crime,TN,30,53
1634,TN0010100,2015,violent-crime,TN,28,59
1635,TN0010100,2016,violent-crime,TN,39,66
1636,TN0010200,2009,violent-crime,TN,3,6
1637,TN0010200,2010,violent-crime,TN,7,10
1638,TN0010200,2011,violent-crime,TN,7,13
1639,TN0010200,2012,violent-crime,TN,2,4
1640,TX0000000,2009,violent-crime,TX,0,0
1641,TX0000000,2010,violent-crime,TX,0,0
1642,TX0000000,2011,violent-crime,TX,0,0
1643,TX0000000,2012,violent-crime,TX,0,0
1644,TX0000000,2013,violent-crime,TX,0,0
1645,TX0000000,2014,violent-crime,TX,0,0
1646,TX0000000,2015,violent-crime,TX,0,0
1647,TX0000000,2016,violent-crime,TX,0,0
1648,TX0010000,2009,violent-crime,TX,44,59
1649,TX0010000,2010,violent-crime,TX,47,78
1650,TX0010000,2011,violent-crime,TX,52,66
1651,TX0010000,2012,violent-crime,TX,46,52
1652,TX0010000,2013,violent-crime,TX,46,55
1653,TX0010000,2014,violent-crime,TX,41,63
1654,TX0010000,2015,violent-crime,TX,91,75
1655,TX0010000,2016,violent-crime,TX,51,55
1656,TX0010100,2009,violent-crime,TX,73,167
1657,TX0010100,2010,violent-crime,TX,32,72
1658,TX0010100,2011,violent-crime,TX,35,101
1659,TX0010100,2012,violent-crime,TX,32,162
1660,UT0010000,2009,violent-crime,UT,5,5
1661,UT0010000,2010,violent-crime,UT,4,4
1662,UT0010000,2011,violent-crime,UT,4,4
1663,UT0010000,2012,violent-crime,UT,11,11
1664,UT0010000,2013,violent-crime,UT,6,6
1665,UT0010000,2014,violent-crime,UT,0,3
1666,UT0010000,2015,violent-crime,UT,1,3
1667,UT0010000,2016,violent-crime,UT,0,1
1668,UT0020000,2009,violent-crime,UT,1,6
1669,UT0020000,2010,violent-crime,UT,1,10
1670,UT0020000,2011,violent-crime,UT,2,4
1671,UT0020000,2012,violent-crime,UT,3,7
1672,UT0020000,2013,violent-crime,UT,0,1
1673,UT0020000,2014,violent-crime,UT,3,6
1674,UT0020000,2015,violent-crime,UT,1,12
1675,UT0020000,2016,violent-crime,UT,3,18
1676,UT0020100,2009,violent-crime,UT,28,47
1677,UT0020100,2010,violent-crime,UT,22,37
1678,UT0020100,2011,violent-crime,UT,13,35
1679,UT0020100,2012,violent-crime,UT,26,56
1680,VT0010000,2009,violent-crime,VT,0,0
1681,VT0010000,2010,violent-crime,VT,0,0
1682,VT0010000,2011,violent-crime,VT,0,0
1683,VT0010000,2012,violent-crime,VT,0,1
1684,VT0010000,2013,violent-crime,VT,3,8
1685,VT0010000,2014,violent-crime,VT,4,8
1686,VT0010000,2015,violent-crime,VT,2,5
1687,VT0010000,2016,violent-crime,VT,1,2
1688,VT0010100,2009,violent-crime,VT,0,0
1689,VT0010100,2010,violent-crime,VT,2,5
1690,VT0010100,2011,violent-crime,VT,0,1
1691,VT0010100,2012,violent-crime,VT,0,3
1692,VT0010100,2013,violent-crime,VT,2,2
1693,VT0010100,2014,violent-crime,VT,0,3
1694,VT0010100,2015,violent-crime,VT,2,1
1695,VT0010100,2016,violent-crime,VT,0,1
1696,VT0010200,2009,violent-crime,VT,7,14
1697,VT0010200,2010,violent-crime,VT,11,14
1698,VT0010200,2011,violent-crime,VT,5,7
1699,VT0010200,2012,violent-crime,VT,3,7
1700,VA0010000,2009,violent-crime,VA,26,66
1701,VA0010000,2010,violent-crime,VA,23,54
1702,VA0010000,2011,violent-crime,VA,37,58
1703,VA0010000,2012,violent-crime,VA,21,44
1704,VA0010000,2013,violent-crime,VA,16,32
1705,VA0010000,2014,violent-crime,VA,53,69
1706,VA0010000,2015,violent-crime,VA,31,61
1707,VA0010000,2016,violent-crime,VA,36,43
1708,VA0010100,2009,violent-crime,VA,3,3
1709,VA0010100,2010,violent-crime,VA,6,6
1710,VA0010100,2011,violent-crime,VA,4,4
1711,VA0010100,2012,violent-crime,VA,5,5
1712,VA0010100,2013,violent-crime,VA,2,2
1713,VA0010100,2014,violent-crime,VA,4,3
1714,VA0010100,2015,violent-crime,VA,4,5
1715,VA0010100,2016,violent-crime,VA,8,10
1716,VA0010200,2009,violent-crime,VA,0,1
1717,VA0010200,2010,violent-crime,VA,0,0
1718,VA0010200,2011,violent-crime,VA,1,1
1719,VA0010200,2012,violent-crime,VA,1,2
1720,WA0010000,2009,violent-crime,WA,14,24
1721,WA0010000,2010,violent-crime,WA,15,23
1722,WA0010000,2011,violent-crime,WA,12,23
1723,WA0010000,2012,violent-crime,WA,14,19
1724,WA0010000,2013,violent-crime,WA,19,24
1725,WA0010000,2014,violent-crime,WA,13,17
1726,WA0010000,2015,violent-crime,WA,13,17
1727,WA0010000,2016,violent-crime,WA,11,23
1728,WA0010100,2009,violent-crime,WA,18,33
1729,WA0010100,2010,violent-crime,WA,25,35
1730,WA0010100,2011,violent-crime,WA,10,29
1731,WA0010100,2012,violent-crime,WA,7,21
1732,WA0010100,2013,violent-crime,WA,22,47
1733,WA0010100,2014,violent-crime,WA,19,39
1734,WA0010100,2015,violent-crime,WA,15,20
1735,WA0010100,2016,violent-crime,WA,8,17
1736,WA0010200,2009,violent-crime,WA,0,0
1737,WA0010200,2010,violent-crime,WA,4,4
1738,WA0010200,2011,violent-crime,WA,1,1
1739,WA0010200,2012,violent-crime,WA,2,4
1740,WV0010000,2009,violent-crime,WV,1,4
1741,WV0010000,2010,violent-crime,WV,0,0
1742,WV0010000,2011,violent-crime,WV,3,3
1743,WV0010000,2012,violent-crime,WV,0,0
1744,WV0010000,2013,violent-crime,WV,0,0
1745,WV0010000,2014,violent-crime,WV,0,0
1746,WV0010000,2015,violent-crime,WV,12,22
1747,WV0010000,2016,violent-crime,WV,15,31
1748,WV0010100,2009,violent-crime,WV,1,1
1749,WV0010100,2010,violent-crime,WV,12,16
1750,WV0010100,2011,violent-crime,WV,10,12
1751,WV0010100,2012,violent-crime,WV,3,4
1752,WV0010100,2013,violent-crime,WV,1,1
1753,WV0010100,2014,violent-crime,WV,1,1
1754,WV0010100,2015,violent-crime,WV,4,5
1755,WV0010100,2016,violent-crime,WV,12,12
1756,WV0010200,2009,violent-crime,WV,0,0
1757,WV0010200,2010,violent-crime,WV,3,3
1758,WV0010200,2011,violent-crime,WV,18,34
1759,WV0010200,2012,violent-crime,WV,16,34
1760,WIWSP0000,2013,violent-crime,WI,0,0
1761,WIWSP0000,2014,violent-crime,WI,0,0
1762,WIWSP0000,2015,violent-crime,WI,0,0
1763,WIWSP0000,2016,violent-crime,WI,0,0
1764,WI0010000,2009,violent-crime,WI,34,38
1765,WI0010000,2010,violent-crime,WI,19,25
1766,WI0010000,2011,violent-crime,WI,15,15
1767,WI0010000,2012,violent-crime,WI,10,19
1768,WI0010000,2013,violent-crime,WI,42,45
1769,WI0010000,2014,violent-crime,WI,29,32
1770,WI0010000,2015,violent-crime,WI,28,34
1771,WI0010000,2016,violent-crime,WI,15,15
1772,WI0010100,2009,violent-crime,WI,4,5
1773,WI0010100,2010,violent-crime,WI,2,2
1774,WI0010100,2011,violent-crime,WI,2,3
1775,WI0010100,2012,violent-crime,WI,3,3
1776,WI0010100,2013,violent-crime,WI,5,7
1777,WI0010100,2014,violent-crime,WI,0,1
1778,WI0010100,2015,violent-crime,WI,1,5
1779,WI0010100,2016,violent-crime,WI,17,21
1780,WY0010000,2009,violent-crime,WY,3,4
1781,WY0010000,2010,violent-crime,WY,1,8
1782,WY0010000,2011,violent-crime,WY,4,4
1783,WY0010000,2012,violent-crime,WY,7,9
1784,WY0010000,2013,violent-crime,WY,5,6
1785,WY0010000,2014,violent-crime,WY,4,9
1786,WY0010000,2015,violent-crime,WY,9,10
1787,WY0010000,2016,violent-crime,WY,9,9
1788,WY0010100,2009,violent-crime,WY,14,26
1789,WY0010100,2010,violent-crime,WY,22,42
1790,WY0010100,2011,violent-crime,WY,26,39
1791,WY0010100,2012,violent-crime,WY,12,34
1792,WY0010100,2013,violent-crime,WY,18,37
1793,WY0010100,2014,violent-crime,WY,19,48
1794,WY0010100,2015,violent-crime,WY,26,43
1795,WY0010100,2016,violent-crime,WY,17,38
1796,WY0010200,2009,violent-crime,WY,0,0
1797,WY0010200,2010,violent-crime,WY,0,0
1798,WY0010200,2011,violent-crime,WY,0,0
1799,WY0010200,2012,violent-crime,WY,0,1
1800,SD0010000,2009,property-crime,SD,3,9
1801,SD0010000,2010,property-crime,SD,0,2
1802,SD0010000,2011,property-crime,SD,2,4
1803,SD0010000,2012,property-crime,SD,3,17
1804,SD0010000,2013,property-crime,SD,2,22
1805,SD0010000,2014,property-crime,SD,3,9
1806,SD0010000,2015,property-crime,SD,1,14
1807,SD0010000,2016,property-crime,SD,1,5
1808,SD0020000,2009,property-crime,SD,3,22
1809,SD0020000,2010,property-crime,SD,1,35
1810,SD0020000,2011,property-crime,SD,4,24
1811,SD0020000,2012,property-crime,SD,3,29
1812,SD0020000,2013,property-crime,SD,11,29
1813,SD0020000,2014,property-crime,SD,2,27
1814,SD0020000,2015,property-crime,SD,4,20
1815,SD0020000,2016,property-crime,SD,3,14
1816,SD0020100,2009,property-crime,SD,0,0
1817,SD0020100,2010,property-crime,SD,0,0
1818,SD0020100,2011,property-crime,SD,0,0
1819,SD0020100,2012,property-crime,SD,49,429
1820,TN0010000,2009,property-crime,TN,113,914
1821,TN0010000,2010,property-crime,TN,114,1028
1822,TN0010000,2011,property-crime,TN,115,1018
1823,TN0010000,2012,property-crime,TN,117,810
1824,TN0010000,2013,property-crime,TN,100,685
1825,TN0010000,2014,property-crime,TN,85,573
1826,TN0010000,2015,property-crime,TN,83,414
1827,TN0010000,2016,property-crime,TN,143,577
1828,TN0010100,2009,property-crime,TN,158,476
1829,TN0010100,2010,property-crime,TN,119,470
1830,TN0010100,2011,property-crime,TN,160,460
1831,TN0010100,2012,property-crime,TN,123,405
1832,TN0010100,2013,property-crime,TN,160,328
1833,TN0010100,2014,property-crime,TN,164,363
1834,TN0010100,2015,property-crime,TN,221,486
1835,TN0010100,2016,property-crime,TN,167,440
1836,TN0010200,2009,property-crime,TN,12,81
1837,TN0010200,2010,property-crime,TN,8,32
1838,TN0010200,2011,property-crime,TN,28,100
1839,TN0010200,2012,property-crime,TN,35,115
1840,TX0000000,2009,property-crime,TX,0,0
1841,TX0000000,2010,property-crime,TX,0,0
1842,TX0000000,2011,property-crime,TX,0,0
1843,TX0000000,2012,property-crime,TX,0,0
1844,TX0000000,2013,property-crime,TX,0,0
1845,TX0000000,2014,property-crime,TX,0,0
1846,TX0000000,2015,property-crime,TX,0,0
1847,TX0000000,2016,property-crime,TX,0,0
1848,TX0010000,2009,property-crime,TX,64,422
1849,TX0010000,2010,property-crime,TX,101,396
1850,TX0010000,2011,property-crime,TX,112,495
1851,TX0010000,2012,property-crime,TX,105,444
1852,TX0010000,2013,property-crime,TX,126,462
1853,TX0010000,2014,property-crime,TX,104,376
1854,TX0010000,2015,property-crime,TX,112,386
1855,TX0010000,2016,property-crime,TX,98,330
1856,TX0010100,2009,property-crime,TX,143,924
1857,TX0010100,2010,property-crime,TX,107,729
1858,TX0010100,2011,property-crime,TX,177,947
1859,TX0010100,2012,property-crime,TX,131,878
1860,UT0010000,2009,property-crime,UT,12,54
1861,UT0010000,2010,property-crime,UT,8,32
1862,UT0010000,2011,property-crime,UT,15,36
1863,UT0010000,2012,property-crime,UT,24,37
1864,UT0010000,2013,property-crime,UT,11,25
1865,UT0010000,2014,property-crime,UT,11,116
1866,UT0010000,2015,property-crime,UT,7,138
1867,UT0010000,2016,property-crime,UT,11,119
1868,UT0020000,2009,property-crime,UT,14,187
1869,UT0020000,2010,property-crime,UT,18,184
1870,UT0020000,2011,property-crime,UT,16,227
1871,UT0020000,2012,property-crime,UT,19,192
1872,UT0020000,2013,property-crime,UT,21,199
1873,UT0020000,2014,property-crime,UT,28,236
1874,UT0020000,2015,property-crime,UT,9,170
1875,UT0020000,2016,property-crime,UT,4,228
1876,UT0020100,2009,property-crime,UT,115,496
1877,UT0020100,2010,property-crime,UT,113,427
1878,UT0020100,2011,property-crime,UT,53,589
1879,UT0020100,2012,property-crime,UT,63,671
1880,VT0010000,2009,property-crime,VT,0,0
1881,VT0010000,2010,property-crime,VT,0,0
1882,VT0010000,2011,property-crime,VT,0,0
1883,VT0010000,2012,property-crime,VT,0,0
1884,VT0010000,2013,property-crime,VT,0,1
1885,VT0010000,2014,property-crime,VT,1,1
1886,VT0010000,2015,property-crime,VT,0,0
1887,VT0010000,2016,property-crime,VT,0,0
1888,VT0010100,2009,property-crime,VT,0,1
1889,VT0010100,2010,property-crime,VT,9,49
1890,VT0010100,2011,property-crime,VT,1,21
1891,VT0010100,2012,property-crime,VT,5,51
1892,VT0010100,2013,property-crime,VT,4,37
1893,VT0010100,2014,property-crime,VT,1,20
1894,VT0010100,2015,property-crime,VT,9,31
1895,VT0010100,2016,property-crime,VT,5,17
1896,VT0010200,2009,property-crime,VT,26,263
1897,VT0010200,2010,property-crime,VT,41,304
1898,VT0010200,2011,property-crime,VT,26,188
1899,VT0010200,2012,property-crime,VT,16,99
1900,VA0010000,2009,property-crime,VA,66,528
1901,VA0010000,2010,property-crime,VA,66,472
1902,VA0010000,2011,property-crime,VA,74,564
1903,VA0010000,2012,property-crime,VA,70,494
1904,VA0010000,2013,property-crime,VA,65,415
1905,VA0010000,2014,property-crime,VA,86,370
1906,VA0010000,2015,property-crime,VA,50,377
1907,VA0010000,2016,property-crime,VA,63,379
1908,VA0010100,2009,property-crime,VA,26,85
1909,VA0010100,2010,property-crime,VA,34,80
1910,VA0010100,2011,property-crime,VA,37,74
1911,VA0010100,2012,property-crime,VA,23,65
1912,VA0010100,2013,property-crime,VA,22,47
1913,VA0010100,2014,property-crime,VA,8,41
1914,VA0010100,2015,property-crime,VA,23,62
1915,VA0010100,2016,property-crime,VA,18,64
1916,VA0010200,2009,property-crime,VA,14,35
1917,VA0010200,2010,property-crime,VA,7,24
1918,VA0010200,2011,property-crime,VA,3,16
1919,VA0010200,2012,property-crime,VA,4,16
1920,WA0010000,2009,property-crime,WA,43,259
1921,WA0010000,2010,property-crime,WA,48,321
1922,WA0010000,2011,property-crime,WA,38,288
1923,WA0010000,2012,property-crime,WA,40,262
1924,WA0010000,2013,property-crime,WA,24,310
1925,WA0010000,2014,property-crime,WA,31,285
1926,WA0010000,2015,property-crime,WA,35,288
1927,WA0010000,2016,property-crime,WA,23,189
1928,WA0010100,2009,property-crime,WA,81,465
1929,WA0010100,2010,property-crime,WA,92,477
1930,WA0010100,2011,property-crime,WA,99,465
1931,WA0010100,2012,property-crime,WA,66,421
1932,WA0010100,2013,property-crime,WA,45,344
1933,WA0010100,2014,property-crime,WA,83,375
1934,WA0010100,2015,property-crime,WA,73,310
1935,WA0010100,2016,property-crime,WA,68,244
1936,WA0010200,2009,property-crime,WA,10,61
1937,WA0010200,2010,property-crime,WA,8,67
1938,WA0010200,2011,property-crime,WA,6,61
1939,WA0010200,2012,property-crime,WA,9,65
1940,WV0010000,2009,property-crime,WV,2,11
1941,WV0010000,2010,property-crime,WV,3,7
1942,WV0010000,2011,property-crime,WV,6,10
1943,WV0010000,2012,property-crime,WV,2,29
1944,WV0010000,2013,property-crime,WV,1,18
1945,WV0010000,2014,property-crime,WV,0,0
1946,WV0010000,2015,property-crime,WV,1,9
1947,WV0010000,2016,property-crime,WV,5,38
1948,WV0010100,2009,property-crime,WV,0,5
1949,WV0010100,2010,property-crime,WV,0,16
1950,WV0010100,2011,property-crime,WV,7,17
1951,WV0010100,2012,property-crime,WV,3,16
1952,WV0010100,2013,property-crime,WV,0,0
1953,WV0010100,2014,property-crime,WV,0,1
1954,WV0010100,2015,property-crime,WV,2,5
1955,WV0010100,2016,property-crime,WV,6,10
1956,WV0010200,2009,property-crime,WV,9,37
1957,WV0010200,2010,property-crime,WV,6,22
1958,WV0010200,2011,property-crime,WV,2,21
1959,WV0010200,2012,property-crime,WV,4,32
1960,WIWSP0000,2013,property-crime,WI,0,0
1961,WIWSP0000,2014,property-crime,WI,0,0
1962,WIWSP0000,2015,property-crime,WI,0,0
1963,WIWSP0000,2016,property-crime,WI,0,0
1964,WI0010000,2009,property-crime,WI,54,422
1965,WI0010000,2010,property-crime,WI,48,357
1966,WI0010000,2011,property-crime,WI,96,470
1967,WI0010000,2012,property-crime,WI,45,450
1968,WI0010000,2013,property-crime,WI,85,471
1969,WI0010000,2014,property-crime,WI,71,368
1970,WI0010000,2015,property-crime,WI,54,332
1971,WI0010000,2016,property-crime,WI,81,355
1972,WI0010100,2009,property-crime,WI,32,89
1973,WI0010100,2010,property-crime,WI,22,64
1974,WI0010100,2011,property-crime,WI,35,88
1975,WI0010100,2012,property-crime,WI,28,97
1976,WI0010100,2013,property-crime,WI,27,88
1977,WI0010100,2014,property-crime,WI,2,8
1978,WI0010100,2015,property-crime,WI,32,89
1979,WI0010100,2016,property-crime,WI,29,106
1980,WY0010000,2009,property-crime,WY,5,68
1981,WY0010000,2010,property-crime,WY,13,74
1982,WY0010000,2011,property-crime,WY,5,43
1983,WY0010000,2012,property-crime,WY,5,53
1984,WY0010000,2013,property-crime,WY,4,55
1985,WY0010000,2014,property-crime,WY,5,48
1986,WY0010000,2015,property-crime,WY,7,46
1987,WY0010000,2016,property-crime,WY,3,36
1988,WY0010100,2009,property-crime,WY,89,670
1989,WY0010100,2010,property-crime,WY,93,667
1990,WY0010100,2011,property-crime,WY,116,728
1991,WY0010100,2012,property-crime,WY,119,710
1992,WY0010100,2013,property-crime,WY,133,670
1993,WY0010100,2014,property-crime,WY,162,705
1994,WY0010100,2015,property-crime,WY,141,526
1995,WY0010100,2016,property-crime,WY,63,410
1996,WY0010200,2009,property-crime,WY,14,162
1997,WY0010200,2010,property-crime,WY,11,219
1998,WY0010200,2011,property-crime,WY,9,165
1999,WY0010200,2012,property-crime,WY,7,166
